[     883ms] [ERROR] Failed to load resource: the server responded with a status of 404 () @ https://fonts.gstatic.com/s/ibmplexserif/v19/jizDREVNn1dOx-zrZ2X3pZvkTiUQ6SF-lPKgqWVL.woff2:0
[    1095ms] Error: Minified React error #418; visit https://reactjs.org/docs/error-decoder.html?invariant=418 for the full message or use the non-minified dev environment for full errors and additional helpful warnings.
    at Va (https://railway.com/assets/react-dom-CWIgXKDx.js:6:4758)
    at Wl (https://railway.com/assets/react-dom-CWIgXKDx.js:8:45043)
    at Pl (https://railway.com/assets/react-dom-CWIgXKDx.js:8:39294)
    at Nl (https://railway.com/assets/react-dom-CWIgXKDx.js:8:39267)
    at vl (https://railway.com/assets/react-dom-CWIgXKDx.js:8:34357)
    at te (https://railway.com/assets/react-dom-CWIgXKDx.js:1:1616)
    at MessagePort.se (https://railway.com/assets/react-dom-CWIgXKDx.js:1:1986)
[    1096ms] Error: Minified React error #418; visit https://reactjs.org/docs/error-decoder.html?invariant=418 for the full message or use the non-minified dev environment for full errors and additional helpful warnings.
    at Va (https://railway.com/assets/react-dom-CWIgXKDx.js:6:4758)
    at Wl (https://railway.com/assets/react-dom-CWIgXKDx.js:8:45043)
    at Pl (https://railway.com/assets/react-dom-CWIgXKDx.js:8:39294)
    at Nl (https://railway.com/assets/react-dom-CWIgXKDx.js:8:39267)
    at vl (https://railway.com/assets/react-dom-CWIgXKDx.js:8:34357)
    at te (https://railway.com/assets/react-dom-CWIgXKDx.js:1:1616)
    at MessagePort.se (https://railway.com/assets/react-dom-CWIgXKDx.js:1:1986)
[    1100ms] Error: Minified React error #418; visit https://reactjs.org/docs/error-decoder.html?invariant=418 for the full message or use the non-minified dev environment for full errors and additional helpful warnings.
    at Va (https://railway.com/assets/react-dom-CWIgXKDx.js:6:4758)
    at Wl (https://railway.com/assets/react-dom-CWIgXKDx.js:8:45043)
    at Pl (https://railway.com/assets/react-dom-CWIgXKDx.js:8:39294)
    at Nl (https://railway.com/assets/react-dom-CWIgXKDx.js:8:39267)
    at vl (https://railway.com/assets/react-dom-CWIgXKDx.js:8:34357)
    at te (https://railway.com/assets/react-dom-CWIgXKDx.js:1:1616)
    at MessagePort.se (https://railway.com/assets/react-dom-CWIgXKDx.js:1:1986)
[    1101ms] Error: Minified React error #418; visit https://reactjs.org/docs/error-decoder.html?invariant=418 for the full message or use the non-minified dev environment for full errors and additional helpful warnings.
    at Va (https://railway.com/assets/react-dom-CWIgXKDx.js:6:4758)
    at Wl (https://railway.com/assets/react-dom-CWIgXKDx.js:8:45043)
    at Pl (https://railway.com/assets/react-dom-CWIgXKDx.js:8:39294)
    at Nl (https://railway.com/assets/react-dom-CWIgXKDx.js:8:39267)
    at vl (https://railway.com/assets/react-dom-CWIgXKDx.js:8:34357)
    at te (https://railway.com/assets/react-dom-CWIgXKDx.js:1:1616)
    at MessagePort.se (https://railway.com/assets/react-dom-CWIgXKDx.js:1:1986)
[    1104ms] Error: Minified React error #418; visit https://reactjs.org/docs/error-decoder.html?invariant=418 for the full message or use the non-minified dev environment for full errors and additional helpful warnings.
    at Va (https://railway.com/assets/react-dom-CWIgXKDx.js:6:4758)
    at Wl (https://railway.com/assets/react-dom-CWIgXKDx.js:8:45043)
    at Pl (https://railway.com/assets/react-dom-CWIgXKDx.js:8:39294)
    at Nl (https://railway.com/assets/react-dom-CWIgXKDx.js:8:39267)
    at vl (https://railway.com/assets/react-dom-CWIgXKDx.js:8:34357)
    at te (https://railway.com/assets/react-dom-CWIgXKDx.js:1:1616)
    at MessagePort.se (https://railway.com/assets/react-dom-CWIgXKDx.js:1:1986)
[    1104ms] Error: Minified React error #418; visit https://reactjs.org/docs/error-decoder.html?invariant=418 for the full message or use the non-minified dev environment for full errors and additional helpful warnings.
    at Va (https://railway.com/assets/react-dom-CWIgXKDx.js:6:4758)
    at Wl (https://railway.com/assets/react-dom-CWIgXKDx.js:8:45043)
    at Pl (https://railway.com/assets/react-dom-CWIgXKDx.js:8:39294)
    at Nl (https://railway.com/assets/react-dom-CWIgXKDx.js:8:39267)
    at vl (https://railway.com/assets/react-dom-CWIgXKDx.js:8:34357)
    at te (https://railway.com/assets/react-dom-CWIgXKDx.js:1:1616)
    at MessagePort.se (https://railway.com/assets/react-dom-CWIgXKDx.js:1:1986)
[    1104ms] Error: Minified React error #418; visit https://reactjs.org/docs/error-decoder.html?invariant=418 for the full message or use the non-minified dev environment for full errors and additional helpful warnings.
    at Va (https://railway.com/assets/react-dom-CWIgXKDx.js:6:4758)
    at Wl (https://railway.com/assets/react-dom-CWIgXKDx.js:8:45043)
    at Pl (https://railway.com/assets/react-dom-CWIgXKDx.js:8:39294)
    at Nl (https://railway.com/assets/react-dom-CWIgXKDx.js:8:39267)
    at vl (https://railway.com/assets/react-dom-CWIgXKDx.js:8:34357)
    at te (https://railway.com/assets/react-dom-CWIgXKDx.js:1:1616)
    at MessagePort.se (https://railway.com/assets/react-dom-CWIgXKDx.js:1:1986)
[    1104ms] Error: Minified React error #418; visit https://reactjs.org/docs/error-decoder.html?invariant=418 for the full message or use the non-minified dev environment for full errors and additional helpful warnings.
    at Va (https://railway.com/assets/react-dom-CWIgXKDx.js:6:4758)
    at Wl (https://railway.com/assets/react-dom-CWIgXKDx.js:8:45043)
    at Pl (https://railway.com/assets/react-dom-CWIgXKDx.js:8:39294)
    at Nl (https://railway.com/assets/react-dom-CWIgXKDx.js:8:39267)
    at vl (https://railway.com/assets/react-dom-CWIgXKDx.js:8:34357)
    at te (https://railway.com/assets/react-dom-CWIgXKDx.js:1:1616)
    at MessagePort.se (https://railway.com/assets/react-dom-CWIgXKDx.js:1:1986)
[    1105ms] Error: Minified React error #418; visit https://reactjs.org/docs/error-decoder.html?invariant=418 for the full message or use the non-minified dev environment for full errors and additional helpful warnings.
    at Va (https://railway.com/assets/react-dom-CWIgXKDx.js:6:4758)
    at Wl (https://railway.com/assets/react-dom-CWIgXKDx.js:8:45043)
    at Pl (https://railway.com/assets/react-dom-CWIgXKDx.js:8:39294)
    at Nl (https://railway.com/assets/react-dom-CWIgXKDx.js:8:39267)
    at vl (https://railway.com/assets/react-dom-CWIgXKDx.js:8:34357)
    at te (https://railway.com/assets/react-dom-CWIgXKDx.js:1:1616)
    at MessagePort.se (https://railway.com/assets/react-dom-CWIgXKDx.js:1:1986)
[    1105ms] Error: Minified React error #418; visit https://reactjs.org/docs/error-decoder.html?invariant=418 for the full message or use the non-minified dev environment for full errors and additional helpful warnings.
    at Va (https://railway.com/assets/react-dom-CWIgXKDx.js:6:4758)
    at Wl (https://railway.com/assets/react-dom-CWIgXKDx.js:8:45043)
    at Pl (https://railway.com/assets/react-dom-CWIgXKDx.js:8:39294)
    at Nl (https://railway.com/assets/react-dom-CWIgXKDx.js:8:39267)
    at vl (https://railway.com/assets/react-dom-CWIgXKDx.js:8:34357)
    at te (https://railway.com/assets/react-dom-CWIgXKDx.js:1:1616)
    at MessagePort.se (https://railway.com/assets/react-dom-CWIgXKDx.js:1:1986)
[    1105ms] Error: Minified React error #418; visit https://reactjs.org/docs/error-decoder.html?invariant=418 for the full message or use the non-minified dev environment for full errors and additional helpful warnings.
    at Va (https://railway.com/assets/react-dom-CWIgXKDx.js:6:4758)
    at Wl (https://railway.com/assets/react-dom-CWIgXKDx.js:8:45043)
    at Pl (https://railway.com/assets/react-dom-CWIgXKDx.js:8:39294)
    at Nl (https://railway.com/assets/react-dom-CWIgXKDx.js:8:39267)
    at vl (https://railway.com/assets/react-dom-CWIgXKDx.js:8:34357)
    at te (https://railway.com/assets/react-dom-CWIgXKDx.js:1:1616)
    at MessagePort.se (https://railway.com/assets/react-dom-CWIgXKDx.js:1:1986)
[    1105ms] Error: Minified React error #418; visit https://reactjs.org/docs/error-decoder.html?invariant=418 for the full message or use the non-minified dev environment for full errors and additional helpful warnings.
    at Va (https://railway.com/assets/react-dom-CWIgXKDx.js:6:4758)
    at Wl (https://railway.com/assets/react-dom-CWIgXKDx.js:8:45043)
    at Pl (https://railway.com/assets/react-dom-CWIgXKDx.js:8:39294)
    at Nl (https://railway.com/assets/react-dom-CWIgXKDx.js:8:39267)
    at vl (https://railway.com/assets/react-dom-CWIgXKDx.js:8:34357)
    at te (https://railway.com/assets/react-dom-CWIgXKDx.js:1:1616)
    at MessagePort.se (https://railway.com/assets/react-dom-CWIgXKDx.js:1:1986)
[    1105ms] Error: Minified React error #418; visit https://reactjs.org/docs/error-decoder.html?invariant=418 for the full message or use the non-minified dev environment for full errors and additional helpful warnings.
    at Va (https://railway.com/assets/react-dom-CWIgXKDx.js:6:4758)
    at Wl (https://railway.com/assets/react-dom-CWIgXKDx.js:8:45043)
    at Pl (https://railway.com/assets/react-dom-CWIgXKDx.js:8:39294)
    at Nl (https://railway.com/assets/react-dom-CWIgXKDx.js:8:39267)
    at vl (https://railway.com/assets/react-dom-CWIgXKDx.js:8:34357)
    at te (https://railway.com/assets/react-dom-CWIgXKDx.js:1:1616)
    at MessagePort.se (https://railway.com/assets/react-dom-CWIgXKDx.js:1:1986)
[    1105ms] Error: Minified React error #418; visit https://reactjs.org/docs/error-decoder.html?invariant=418 for the full message or use the non-minified dev environment for full errors and additional helpful warnings.
    at Va (https://railway.com/assets/react-dom-CWIgXKDx.js:6:4758)
    at Wl (https://railway.com/assets/react-dom-CWIgXKDx.js:8:45043)
    at Pl (https://railway.com/assets/react-dom-CWIgXKDx.js:8:39294)
    at Nl (https://railway.com/assets/react-dom-CWIgXKDx.js:8:39267)
    at vl (https://railway.com/assets/react-dom-CWIgXKDx.js:8:34357)
    at te (https://railway.com/assets/react-dom-CWIgXKDx.js:1:1616)
    at MessagePort.se (https://railway.com/assets/react-dom-CWIgXKDx.js:1:1986)
[    1105ms] Error: Minified React error #418; visit https://reactjs.org/docs/error-decoder.html?invariant=418 for the full message or use the non-minified dev environment for full errors and additional helpful warnings.
    at Va (https://railway.com/assets/react-dom-CWIgXKDx.js:6:4758)
    at Wl (https://railway.com/assets/react-dom-CWIgXKDx.js:8:45043)
    at Pl (https://railway.com/assets/react-dom-CWIgXKDx.js:8:39294)
    at Nl (https://railway.com/assets/react-dom-CWIgXKDx.js:8:39267)
    at vl (https://railway.com/assets/react-dom-CWIgXKDx.js:8:34357)
    at te (https://railway.com/assets/react-dom-CWIgXKDx.js:1:1616)
    at MessagePort.se (https://railway.com/assets/react-dom-CWIgXKDx.js:1:1986)
[    1105ms] Error: Minified React error #418; visit https://reactjs.org/docs/error-decoder.html?invariant=418 for the full message or use the non-minified dev environment for full errors and additional helpful warnings.
    at Va (https://railway.com/assets/react-dom-CWIgXKDx.js:6:4758)
    at Wl (https://railway.com/assets/react-dom-CWIgXKDx.js:8:45043)
    at Pl (https://railway.com/assets/react-dom-CWIgXKDx.js:8:39294)
    at Nl (https://railway.com/assets/react-dom-CWIgXKDx.js:8:39267)
    at vl (https://railway.com/assets/react-dom-CWIgXKDx.js:8:34357)
    at te (https://railway.com/assets/react-dom-CWIgXKDx.js:1:1616)
    at MessagePort.se (https://railway.com/assets/react-dom-CWIgXKDx.js:1:1986)
[    1105ms] Error: Minified React error #418; visit https://reactjs.org/docs/error-decoder.html?invariant=418 for the full message or use the non-minified dev environment for full errors and additional helpful warnings.
    at Va (https://railway.com/assets/react-dom-CWIgXKDx.js:6:4758)
    at Wl (https://railway.com/assets/react-dom-CWIgXKDx.js:8:45043)
    at Pl (https://railway.com/assets/react-dom-CWIgXKDx.js:8:39294)
    at Nl (https://railway.com/assets/react-dom-CWIgXKDx.js:8:39267)
    at vl (https://railway.com/assets/react-dom-CWIgXKDx.js:8:34357)
    at te (https://railway.com/assets/react-dom-CWIgXKDx.js:1:1616)
    at MessagePort.se (https://railway.com/assets/react-dom-CWIgXKDx.js:1:1986)
[    1106ms] Error: Minified React error #418; visit https://reactjs.org/docs/error-decoder.html?invariant=418 for the full message or use the non-minified dev environment for full errors and additional helpful warnings.
    at Va (https://railway.com/assets/react-dom-CWIgXKDx.js:6:4758)
    at Wl (https://railway.com/assets/react-dom-CWIgXKDx.js:8:45043)
    at Pl (https://railway.com/assets/react-dom-CWIgXKDx.js:8:39294)
    at Nl (https://railway.com/assets/react-dom-CWIgXKDx.js:8:39267)
    at vl (https://railway.com/assets/react-dom-CWIgXKDx.js:8:34357)
    at te (https://railway.com/assets/react-dom-CWIgXKDx.js:1:1616)
    at MessagePort.se (https://railway.com/assets/react-dom-CWIgXKDx.js:1:1986)
[    1106ms] Error: Minified React error #418; visit https://reactjs.org/docs/error-decoder.html?invariant=418 for the full message or use the non-minified dev environment for full errors and additional helpful warnings.
    at Va (https://railway.com/assets/react-dom-CWIgXKDx.js:6:4758)
    at Wl (https://railway.com/assets/react-dom-CWIgXKDx.js:8:45043)
    at Pl (https://railway.com/assets/react-dom-CWIgXKDx.js:8:39294)
    at Nl (https://railway.com/assets/react-dom-CWIgXKDx.js:8:39267)
    at vl (https://railway.com/assets/react-dom-CWIgXKDx.js:8:34357)
    at te (https://railway.com/assets/react-dom-CWIgXKDx.js:1:1616)
    at MessagePort.se (https://railway.com/assets/react-dom-CWIgXKDx.js:1:1986)
[    1106ms] Error: Minified React error #418; visit https://reactjs.org/docs/error-decoder.html?invariant=418 for the full message or use the non-minified dev environment for full errors and additional helpful warnings.
    at Va (https://railway.com/assets/react-dom-CWIgXKDx.js:6:4758)
    at Wl (https://railway.com/assets/react-dom-CWIgXKDx.js:8:45043)
    at Pl (https://railway.com/assets/react-dom-CWIgXKDx.js:8:39294)
    at Nl (https://railway.com/assets/react-dom-CWIgXKDx.js:8:39267)
    at vl (https://railway.com/assets/react-dom-CWIgXKDx.js:8:34357)
    at te (https://railway.com/assets/react-dom-CWIgXKDx.js:1:1616)
    at MessagePort.se (https://railway.com/assets/react-dom-CWIgXKDx.js:1:1986)
[    1106ms] Error: Minified React error #418; visit https://reactjs.org/docs/error-decoder.html?invariant=418 for the full message or use the non-minified dev environment for full errors and additional helpful warnings.
    at Va (https://railway.com/assets/react-dom-CWIgXKDx.js:6:4758)
    at Wl (https://railway.com/assets/react-dom-CWIgXKDx.js:8:45043)
    at Pl (https://railway.com/assets/react-dom-CWIgXKDx.js:8:39294)
    at Nl (https://railway.com/assets/react-dom-CWIgXKDx.js:8:39267)
    at vl (https://railway.com/assets/react-dom-CWIgXKDx.js:8:34357)
    at te (https://railway.com/assets/react-dom-CWIgXKDx.js:1:1616)
    at MessagePort.se (https://railway.com/assets/react-dom-CWIgXKDx.js:1:1986)
[    1106ms] Error: Minified React error #418; visit https://reactjs.org/docs/error-decoder.html?invariant=418 for the full message or use the non-minified dev environment for full errors and additional helpful warnings.
    at Va (https://railway.com/assets/react-dom-CWIgXKDx.js:6:4758)
    at Wl (https://railway.com/assets/react-dom-CWIgXKDx.js:8:45043)
    at Pl (https://railway.com/assets/react-dom-CWIgXKDx.js:8:39294)
    at Nl (https://railway.com/assets/react-dom-CWIgXKDx.js:8:39267)
    at vl (https://railway.com/assets/react-dom-CWIgXKDx.js:8:34357)
    at te (https://railway.com/assets/react-dom-CWIgXKDx.js:1:1616)
    at MessagePort.se (https://railway.com/assets/react-dom-CWIgXKDx.js:1:1986)
[    1107ms] Error: Minified React error #418; visit https://reactjs.org/docs/error-decoder.html?invariant=418 for the full message or use the non-minified dev environment for full errors and additional helpful warnings.
    at Va (https://railway.com/assets/react-dom-CWIgXKDx.js:6:4758)
    at Wl (https://railway.com/assets/react-dom-CWIgXKDx.js:8:45043)
    at Pl (https://railway.com/assets/react-dom-CWIgXKDx.js:8:39294)
    at Nl (https://railway.com/assets/react-dom-CWIgXKDx.js:8:39267)
    at vl (https://railway.com/assets/react-dom-CWIgXKDx.js:8:34357)
    at te (https://railway.com/assets/react-dom-CWIgXKDx.js:1:1616)
    at MessagePort.se (https://railway.com/assets/react-dom-CWIgXKDx.js:1:1986)
[    1107ms] Error: Minified React error #418; visit https://reactjs.org/docs/error-decoder.html?invariant=418 for the full message or use the non-minified dev environment for full errors and additional helpful warnings.
    at Va (https://railway.com/assets/react-dom-CWIgXKDx.js:6:4758)
    at Wl (https://railway.com/assets/react-dom-CWIgXKDx.js:8:45043)
    at Pl (https://railway.com/assets/react-dom-CWIgXKDx.js:8:39294)
    at Nl (https://railway.com/assets/react-dom-CWIgXKDx.js:8:39267)
    at vl (https://railway.com/assets/react-dom-CWIgXKDx.js:8:34357)
    at te (https://railway.com/assets/react-dom-CWIgXKDx.js:1:1616)
    at MessagePort.se (https://railway.com/assets/react-dom-CWIgXKDx.js:1:1986)
[    1117ms] Error: Minified React error #418; visit https://reactjs.org/docs/error-decoder.html?invariant=418 for the full message or use the non-minified dev environment for full errors and additional helpful warnings.
    at Va (https://railway.com/assets/react-dom-CWIgXKDx.js:6:4758)
    at Wl (https://railway.com/assets/react-dom-CWIgXKDx.js:8:45043)
    at Pl (https://railway.com/assets/react-dom-CWIgXKDx.js:8:39294)
    at Nl (https://railway.com/assets/react-dom-CWIgXKDx.js:8:39267)
    at vl (https://railway.com/assets/react-dom-CWIgXKDx.js:8:34357)
    at te (https://railway.com/assets/react-dom-CWIgXKDx.js:1:1616)
    at MessagePort.se (https://railway.com/assets/react-dom-CWIgXKDx.js:1:1986)
[    1117ms] Error: Minified React error #418; visit https://reactjs.org/docs/error-decoder.html?invariant=418 for the full message or use the non-minified dev environment for full errors and additional helpful warnings.
    at Va (https://railway.com/assets/react-dom-CWIgXKDx.js:6:4758)
    at Wl (https://railway.com/assets/react-dom-CWIgXKDx.js:8:45043)
    at Pl (https://railway.com/assets/react-dom-CWIgXKDx.js:8:39294)
    at Nl (https://railway.com/assets/react-dom-CWIgXKDx.js:8:39267)
    at vl (https://railway.com/assets/react-dom-CWIgXKDx.js:8:34357)
    at te (https://railway.com/assets/react-dom-CWIgXKDx.js:1:1616)
    at MessagePort.se (https://railway.com/assets/react-dom-CWIgXKDx.js:1:1986)
[    1118ms] Error: Minified React error #418; visit https://reactjs.org/docs/error-decoder.html?invariant=418 for the full message or use the non-minified dev environment for full errors and additional helpful warnings.
    at Va (https://railway.com/assets/react-dom-CWIgXKDx.js:6:4758)
    at Wl (https://railway.com/assets/react-dom-CWIgXKDx.js:8:45043)
    at Pl (https://railway.com/assets/react-dom-CWIgXKDx.js:8:39294)
    at Nl (https://railway.com/assets/react-dom-CWIgXKDx.js:8:39267)
    at vl (https://railway.com/assets/react-dom-CWIgXKDx.js:8:34357)
    at te (https://railway.com/assets/react-dom-CWIgXKDx.js:1:1616)
    at MessagePort.se (https://railway.com/assets/react-dom-CWIgXKDx.js:1:1986)
[    1118ms] Error: Minified React error #418; visit https://reactjs.org/docs/error-decoder.html?invariant=418 for the full message or use the non-minified dev environment for full errors and additional helpful warnings.
    at Va (https://railway.com/assets/react-dom-CWIgXKDx.js:6:4758)
    at Wl (https://railway.com/assets/react-dom-CWIgXKDx.js:8:45043)
    at Pl (https://railway.com/assets/react-dom-CWIgXKDx.js:8:39294)
    at Nl (https://railway.com/assets/react-dom-CWIgXKDx.js:8:39267)
    at vl (https://railway.com/assets/react-dom-CWIgXKDx.js:8:34357)
    at te (https://railway.com/assets/react-dom-CWIgXKDx.js:1:1616)
    at MessagePort.se (https://railway.com/assets/react-dom-CWIgXKDx.js:1:1986)
[    1118ms] Error: Minified React error #418; visit https://reactjs.org/docs/error-decoder.html?invariant=418 for the full message or use the non-minified dev environment for full errors and additional helpful warnings.
    at Va (https://railway.com/assets/react-dom-CWIgXKDx.js:6:4758)
    at Wl (https://railway.com/assets/react-dom-CWIgXKDx.js:8:45043)
    at Pl (https://railway.com/assets/react-dom-CWIgXKDx.js:8:39294)
    at Nl (https://railway.com/assets/react-dom-CWIgXKDx.js:8:39267)
    at vl (https://railway.com/assets/react-dom-CWIgXKDx.js:8:34357)
    at te (https://railway.com/assets/react-dom-CWIgXKDx.js:1:1616)
    at MessagePort.se (https://railway.com/assets/react-dom-CWIgXKDx.js:1:1986)
[    1118ms] Error: Minified React error #418; visit https://reactjs.org/docs/error-decoder.html?invariant=418 for the full message or use the non-minified dev environment for full errors and additional helpful warnings.
    at Va (https://railway.com/assets/react-dom-CWIgXKDx.js:6:4758)
    at Wl (https://railway.com/assets/react-dom-CWIgXKDx.js:8:45043)
    at Pl (https://railway.com/assets/react-dom-CWIgXKDx.js:8:39294)
    at Nl (https://railway.com/assets/react-dom-CWIgXKDx.js:8:39267)
    at vl (https://railway.com/assets/react-dom-CWIgXKDx.js:8:34357)
    at te (https://railway.com/assets/react-dom-CWIgXKDx.js:1:1616)
    at MessagePort.se (https://railway.com/assets/react-dom-CWIgXKDx.js:1:1986)
[    1119ms] Error: Minified React error #418; visit https://reactjs.org/docs/error-decoder.html?invariant=418 for the full message or use the non-minified dev environment for full errors and additional helpful warnings.
    at Va (https://railway.com/assets/react-dom-CWIgXKDx.js:6:4758)
    at Wl (https://railway.com/assets/react-dom-CWIgXKDx.js:8:45043)
    at Pl (https://railway.com/assets/react-dom-CWIgXKDx.js:8:39294)
    at Nl (https://railway.com/assets/react-dom-CWIgXKDx.js:8:39267)
    at vl (https://railway.com/assets/react-dom-CWIgXKDx.js:8:34357)
    at te (https://railway.com/assets/react-dom-CWIgXKDx.js:1:1616)
    at MessagePort.se (https://railway.com/assets/react-dom-CWIgXKDx.js:1:1986)
[    1119ms] Error: Minified React error #418; visit https://reactjs.org/docs/error-decoder.html?invariant=418 for the full message or use the non-minified dev environment for full errors and additional helpful warnings.
    at Va (https://railway.com/assets/react-dom-CWIgXKDx.js:6:4758)
    at Wl (https://railway.com/assets/react-dom-CWIgXKDx.js:8:45043)
    at Pl (https://railway.com/assets/react-dom-CWIgXKDx.js:8:39294)
    at Nl (https://railway.com/assets/react-dom-CWIgXKDx.js:8:39267)
    at vl (https://railway.com/assets/react-dom-CWIgXKDx.js:8:34357)
    at te (https://railway.com/assets/react-dom-CWIgXKDx.js:1:1616)
    at MessagePort.se (https://railway.com/assets/react-dom-CWIgXKDx.js:1:1986)
[    1119ms] Error: Minified React error #418; visit https://reactjs.org/docs/error-decoder.html?invariant=418 for the full message or use the non-minified dev environment for full errors and additional helpful warnings.
    at Va (https://railway.com/assets/react-dom-CWIgXKDx.js:6:4758)
    at Wl (https://railway.com/assets/react-dom-CWIgXKDx.js:8:45043)
    at Pl (https://railway.com/assets/react-dom-CWIgXKDx.js:8:39294)
    at Nl (https://railway.com/assets/react-dom-CWIgXKDx.js:8:39267)
    at vl (https://railway.com/assets/react-dom-CWIgXKDx.js:8:34357)
    at te (https://railway.com/assets/react-dom-CWIgXKDx.js:1:1616)
    at MessagePort.se (https://railway.com/assets/react-dom-CWIgXKDx.js:1:1986)
[    1119ms] Error: Minified React error #418; visit https://reactjs.org/docs/error-decoder.html?invariant=418 for the full message or use the non-minified dev environment for full errors and additional helpful warnings.
    at Va (https://railway.com/assets/react-dom-CWIgXKDx.js:6:4758)
    at Wl (https://railway.com/assets/react-dom-CWIgXKDx.js:8:45043)
    at Pl (https://railway.com/assets/react-dom-CWIgXKDx.js:8:39294)
    at Nl (https://railway.com/assets/react-dom-CWIgXKDx.js:8:39267)
    at vl (https://railway.com/assets/react-dom-CWIgXKDx.js:8:34357)
    at te (https://railway.com/assets/react-dom-CWIgXKDx.js:1:1616)
    at MessagePort.se (https://railway.com/assets/react-dom-CWIgXKDx.js:1:1986)
[    1119ms] Error: Minified React error #418; visit https://reactjs.org/docs/error-decoder.html?invariant=418 for the full message or use the non-minified dev environment for full errors and additional helpful warnings.
    at Va (https://railway.com/assets/react-dom-CWIgXKDx.js:6:4758)
    at Wl (https://railway.com/assets/react-dom-CWIgXKDx.js:8:45043)
    at Pl (https://railway.com/assets/react-dom-CWIgXKDx.js:8:39294)
    at Nl (https://railway.com/assets/react-dom-CWIgXKDx.js:8:39267)
    at vl (https://railway.com/assets/react-dom-CWIgXKDx.js:8:34357)
    at te (https://railway.com/assets/react-dom-CWIgXKDx.js:1:1616)
    at MessagePort.se (https://railway.com/assets/react-dom-CWIgXKDx.js:1:1986)
[    1119ms] Error: Minified React error #418; visit https://reactjs.org/docs/error-decoder.html?invariant=418 for the full message or use the non-minified dev environment for full errors and additional helpful warnings.
    at Va (https://railway.com/assets/react-dom-CWIgXKDx.js:6:4758)
    at Wl (https://railway.com/assets/react-dom-CWIgXKDx.js:8:45043)
    at Pl (https://railway.com/assets/react-dom-CWIgXKDx.js:8:39294)
    at Nl (https://railway.com/assets/react-dom-CWIgXKDx.js:8:39267)
    at vl (https://railway.com/assets/react-dom-CWIgXKDx.js:8:34357)
    at te (https://railway.com/assets/react-dom-CWIgXKDx.js:1:1616)
    at MessagePort.se (https://railway.com/assets/react-dom-CWIgXKDx.js:1:1986)
[    1120ms] Error: Minified React error #418; visit https://reactjs.org/docs/error-decoder.html?invariant=418 for the full message or use the non-minified dev environment for full errors and additional helpful warnings.
    at Va (https://railway.com/assets/react-dom-CWIgXKDx.js:6:4758)
    at Wl (https://railway.com/assets/react-dom-CWIgXKDx.js:8:45043)
    at Pl (https://railway.com/assets/react-dom-CWIgXKDx.js:8:39294)
    at Nl (https://railway.com/assets/react-dom-CWIgXKDx.js:8:39267)
    at vl (https://railway.com/assets/react-dom-CWIgXKDx.js:8:34357)
    at te (https://railway.com/assets/react-dom-CWIgXKDx.js:1:1616)
    at MessagePort.se (https://railway.com/assets/react-dom-CWIgXKDx.js:1:1986)
[    1120ms] Error: Minified React error #418; visit https://reactjs.org/docs/error-decoder.html?invariant=418 for the full message or use the non-minified dev environment for full errors and additional helpful warnings.
    at Va (https://railway.com/assets/react-dom-CWIgXKDx.js:6:4758)
    at Wl (https://railway.com/assets/react-dom-CWIgXKDx.js:8:45043)
    at Pl (https://railway.com/assets/react-dom-CWIgXKDx.js:8:39294)
    at Nl (https://railway.com/assets/react-dom-CWIgXKDx.js:8:39267)
    at vl (https://railway.com/assets/react-dom-CWIgXKDx.js:8:34357)
    at te (https://railway.com/assets/react-dom-CWIgXKDx.js:1:1616)
    at MessagePort.se (https://railway.com/assets/react-dom-CWIgXKDx.js:1:1986)
[    1120ms] Error: Minified React error #418; visit https://reactjs.org/docs/error-decoder.html?invariant=418 for the full message or use the non-minified dev environment for full errors and additional helpful warnings.
    at Va (https://railway.com/assets/react-dom-CWIgXKDx.js:6:4758)
    at Wl (https://railway.com/assets/react-dom-CWIgXKDx.js:8:45043)
    at Pl (https://railway.com/assets/react-dom-CWIgXKDx.js:8:39294)
    at Nl (https://railway.com/assets/react-dom-CWIgXKDx.js:8:39267)
    at vl (https://railway.com/assets/react-dom-CWIgXKDx.js:8:34357)
    at te (https://railway.com/assets/react-dom-CWIgXKDx.js:1:1616)
    at MessagePort.se (https://railway.com/assets/react-dom-CWIgXKDx.js:1:1986)
[    1120ms] Error: Minified React error #418; visit https://reactjs.org/docs/error-decoder.html?invariant=418 for the full message or use the non-minified dev environment for full errors and additional helpful warnings.
    at Va (https://railway.com/assets/react-dom-CWIgXKDx.js:6:4758)
    at Wl (https://railway.com/assets/react-dom-CWIgXKDx.js:8:45043)
    at Pl (https://railway.com/assets/react-dom-CWIgXKDx.js:8:39294)
    at Nl (https://railway.com/assets/react-dom-CWIgXKDx.js:8:39267)
    at vl (https://railway.com/assets/react-dom-CWIgXKDx.js:8:34357)
    at te (https://railway.com/assets/react-dom-CWIgXKDx.js:1:1616)
    at MessagePort.se (https://railway.com/assets/react-dom-CWIgXKDx.js:1:1986)
[    1120ms] Error: Minified React error #418; visit https://reactjs.org/docs/error-decoder.html?invariant=418 for the full message or use the non-minified dev environment for full errors and additional helpful warnings.
    at Va (https://railway.com/assets/react-dom-CWIgXKDx.js:6:4758)
    at Wl (https://railway.com/assets/react-dom-CWIgXKDx.js:8:45043)
    at Pl (https://railway.com/assets/react-dom-CWIgXKDx.js:8:39294)
    at Nl (https://railway.com/assets/react-dom-CWIgXKDx.js:8:39267)
    at vl (https://railway.com/assets/react-dom-CWIgXKDx.js:8:34357)
    at te (https://railway.com/assets/react-dom-CWIgXKDx.js:1:1616)
    at MessagePort.se (https://railway.com/assets/react-dom-CWIgXKDx.js:1:1986)
[    1121ms] Error: Minified React error #418; visit https://reactjs.org/docs/error-decoder.html?invariant=418 for the full message or use the non-minified dev environment for full errors and additional helpful warnings.
    at Va (https://railway.com/assets/react-dom-CWIgXKDx.js:6:4758)
    at Wl (https://railway.com/assets/react-dom-CWIgXKDx.js:8:45043)
    at Pl (https://railway.com/assets/react-dom-CWIgXKDx.js:8:39294)
    at Nl (https://railway.com/assets/react-dom-CWIgXKDx.js:8:39267)
    at vl (https://railway.com/assets/react-dom-CWIgXKDx.js:8:34357)
    at te (https://railway.com/assets/react-dom-CWIgXKDx.js:1:1616)
    at MessagePort.se (https://railway.com/assets/react-dom-CWIgXKDx.js:1:1986)
[    1121ms] Error: Minified React error #418; visit https://reactjs.org/docs/error-decoder.html?invariant=418 for the full message or use the non-minified dev environment for full errors and additional helpful warnings.
    at Va (https://railway.com/assets/react-dom-CWIgXKDx.js:6:4758)
    at Wl (https://railway.com/assets/react-dom-CWIgXKDx.js:8:45043)
    at Pl (https://railway.com/assets/react-dom-CWIgXKDx.js:8:39294)
    at Nl (https://railway.com/assets/react-dom-CWIgXKDx.js:8:39267)
    at vl (https://railway.com/assets/react-dom-CWIgXKDx.js:8:34357)
    at te (https://railway.com/assets/react-dom-CWIgXKDx.js:1:1616)
    at MessagePort.se (https://railway.com/assets/react-dom-CWIgXKDx.js:1:1986)
[    1121ms] Error: Minified React error #418; visit https://reactjs.org/docs/error-decoder.html?invariant=418 for the full message or use the non-minified dev environment for full errors and additional helpful warnings.
    at Va (https://railway.com/assets/react-dom-CWIgXKDx.js:6:4758)
    at Wl (https://railway.com/assets/react-dom-CWIgXKDx.js:8:45043)
    at Pl (https://railway.com/assets/react-dom-CWIgXKDx.js:8:39294)
    at Nl (https://railway.com/assets/react-dom-CWIgXKDx.js:8:39267)
    at vl (https://railway.com/assets/react-dom-CWIgXKDx.js:8:34357)
    at te (https://railway.com/assets/react-dom-CWIgXKDx.js:1:1616)
    at MessagePort.se (https://railway.com/assets/react-dom-CWIgXKDx.js:1:1986)
[    1121ms] Error: Minified React error #418; visit https://reactjs.org/docs/error-decoder.html?invariant=418 for the full message or use the non-minified dev environment for full errors and additional helpful warnings.
    at Va (https://railway.com/assets/react-dom-CWIgXKDx.js:6:4758)
    at Wl (https://railway.com/assets/react-dom-CWIgXKDx.js:8:45043)
    at Pl (https://railway.com/assets/react-dom-CWIgXKDx.js:8:39294)
    at Nl (https://railway.com/assets/react-dom-CWIgXKDx.js:8:39267)
    at vl (https://railway.com/assets/react-dom-CWIgXKDx.js:8:34357)
    at te (https://railway.com/assets/react-dom-CWIgXKDx.js:1:1616)
    at MessagePort.se (https://railway.com/assets/react-dom-CWIgXKDx.js:1:1986)
[    1121ms] Error: Minified React error #418; visit https://reactjs.org/docs/error-decoder.html?invariant=418 for the full message or use the non-minified dev environment for full errors and additional helpful warnings.
    at Va (https://railway.com/assets/react-dom-CWIgXKDx.js:6:4758)
    at Wl (https://railway.com/assets/react-dom-CWIgXKDx.js:8:45043)
    at Pl (https://railway.com/assets/react-dom-CWIgXKDx.js:8:39294)
    at Nl (https://railway.com/assets/react-dom-CWIgXKDx.js:8:39267)
    at vl (https://railway.com/assets/react-dom-CWIgXKDx.js:8:34357)
    at te (https://railway.com/assets/react-dom-CWIgXKDx.js:1:1616)
    at MessagePort.se (https://railway.com/assets/react-dom-CWIgXKDx.js:1:1986)
[    1121ms] Error: Minified React error #418; visit https://reactjs.org/docs/error-decoder.html?invariant=418 for the full message or use the non-minified dev environment for full errors and additional helpful warnings.
    at Va (https://railway.com/assets/react-dom-CWIgXKDx.js:6:4758)
    at Wl (https://railway.com/assets/react-dom-CWIgXKDx.js:8:45043)
    at Pl (https://railway.com/assets/react-dom-CWIgXKDx.js:8:39294)
    at Nl (https://railway.com/assets/react-dom-CWIgXKDx.js:8:39267)
    at vl (https://railway.com/assets/react-dom-CWIgXKDx.js:8:34357)
    at te (https://railway.com/assets/react-dom-CWIgXKDx.js:1:1616)
    at MessagePort.se (https://railway.com/assets/react-dom-CWIgXKDx.js:1:1986)
[    1121ms] Error: Minified React error #418; visit https://reactjs.org/docs/error-decoder.html?invariant=418 for the full message or use the non-minified dev environment for full errors and additional helpful warnings.
    at Va (https://railway.com/assets/react-dom-CWIgXKDx.js:6:4758)
    at Wl (https://railway.com/assets/react-dom-CWIgXKDx.js:8:45043)
    at Pl (https://railway.com/assets/react-dom-CWIgXKDx.js:8:39294)
    at Nl (https://railway.com/assets/react-dom-CWIgXKDx.js:8:39267)
    at vl (https://railway.com/assets/react-dom-CWIgXKDx.js:8:34357)
    at te (https://railway.com/assets/react-dom-CWIgXKDx.js:1:1616)
    at MessagePort.se (https://railway.com/assets/react-dom-CWIgXKDx.js:1:1986)
[    1122ms] Error: Minified React error #418; visit https://reactjs.org/docs/error-decoder.html?invariant=418 for the full message or use the non-minified dev environment for full errors and additional helpful warnings.
    at Va (https://railway.com/assets/react-dom-CWIgXKDx.js:6:4758)
    at Wl (https://railway.com/assets/react-dom-CWIgXKDx.js:8:45043)
    at Pl (https://railway.com/assets/react-dom-CWIgXKDx.js:8:39294)
    at Nl (https://railway.com/assets/react-dom-CWIgXKDx.js:8:39267)
    at vl (https://railway.com/assets/react-dom-CWIgXKDx.js:8:34357)
    at te (https://railway.com/assets/react-dom-CWIgXKDx.js:1:1616)
    at MessagePort.se (https://railway.com/assets/react-dom-CWIgXKDx.js:1:1986)
[    1122ms] Error: Minified React error #418; visit https://reactjs.org/docs/error-decoder.html?invariant=418 for the full message or use the non-minified dev environment for full errors and additional helpful warnings.
    at Va (https://railway.com/assets/react-dom-CWIgXKDx.js:6:4758)
    at Wl (https://railway.com/assets/react-dom-CWIgXKDx.js:8:45043)
    at Pl (https://railway.com/assets/react-dom-CWIgXKDx.js:8:39294)
    at Nl (https://railway.com/assets/react-dom-CWIgXKDx.js:8:39267)
    at vl (https://railway.com/assets/react-dom-CWIgXKDx.js:8:34357)
    at te (https://railway.com/assets/react-dom-CWIgXKDx.js:1:1616)
    at MessagePort.se (https://railway.com/assets/react-dom-CWIgXKDx.js:1:1986)
[    1122ms] Error: Minified React error #418; visit https://reactjs.org/docs/error-decoder.html?invariant=418 for the full message or use the non-minified dev environment for full errors and additional helpful warnings.
    at Va (https://railway.com/assets/react-dom-CWIgXKDx.js:6:4758)
    at Wl (https://railway.com/assets/react-dom-CWIgXKDx.js:8:45043)
    at Pl (https://railway.com/assets/react-dom-CWIgXKDx.js:8:39294)
    at Nl (https://railway.com/assets/react-dom-CWIgXKDx.js:8:39267)
    at vl (https://railway.com/assets/react-dom-CWIgXKDx.js:8:34357)
    at te (https://railway.com/assets/react-dom-CWIgXKDx.js:1:1616)
    at MessagePort.se (https://railway.com/assets/react-dom-CWIgXKDx.js:1:1986)
[    1122ms] Error: Minified React error #418; visit https://reactjs.org/docs/error-decoder.html?invariant=418 for the full message or use the non-minified dev environment for full errors and additional helpful warnings.
    at Va (https://railway.com/assets/react-dom-CWIgXKDx.js:6:4758)
    at Wl (https://railway.com/assets/react-dom-CWIgXKDx.js:8:45043)
    at Pl (https://railway.com/assets/react-dom-CWIgXKDx.js:8:39294)
    at Nl (https://railway.com/assets/react-dom-CWIgXKDx.js:8:39267)
    at vl (https://railway.com/assets/react-dom-CWIgXKDx.js:8:34357)
    at te (https://railway.com/assets/react-dom-CWIgXKDx.js:1:1616)
    at MessagePort.se (https://railway.com/assets/react-dom-CWIgXKDx.js:1:1986)
[    1122ms] Error: Minified React error #418; visit https://reactjs.org/docs/error-decoder.html?invariant=418 for the full message or use the non-minified dev environment for full errors and additional helpful warnings.
    at Va (https://railway.com/assets/react-dom-CWIgXKDx.js:6:4758)
    at Wl (https://railway.com/assets/react-dom-CWIgXKDx.js:8:45043)
    at Pl (https://railway.com/assets/react-dom-CWIgXKDx.js:8:39294)
    at Nl (https://railway.com/assets/react-dom-CWIgXKDx.js:8:39267)
    at vl (https://railway.com/assets/react-dom-CWIgXKDx.js:8:34357)
    at te (https://railway.com/assets/react-dom-CWIgXKDx.js:1:1616)
    at MessagePort.se (https://railway.com/assets/react-dom-CWIgXKDx.js:1:1986)
[    1122ms] Error: Minified React error #418; visit https://reactjs.org/docs/error-decoder.html?invariant=418 for the full message or use the non-minified dev environment for full errors and additional helpful warnings.
    at Va (https://railway.com/assets/react-dom-CWIgXKDx.js:6:4758)
    at Wl (https://railway.com/assets/react-dom-CWIgXKDx.js:8:45043)
    at Pl (https://railway.com/assets/react-dom-CWIgXKDx.js:8:39294)
    at Nl (https://railway.com/assets/react-dom-CWIgXKDx.js:8:39267)
    at vl (https://railway.com/assets/react-dom-CWIgXKDx.js:8:34357)
    at te (https://railway.com/assets/react-dom-CWIgXKDx.js:1:1616)
    at MessagePort.se (https://railway.com/assets/react-dom-CWIgXKDx.js:1:1986)
[    1123ms] Error: Minified React error #418; visit https://reactjs.org/docs/error-decoder.html?invariant=418 for the full message or use the non-minified dev environment for full errors and additional helpful warnings.
    at Va (https://railway.com/assets/react-dom-CWIgXKDx.js:6:4758)
    at Wl (https://railway.com/assets/react-dom-CWIgXKDx.js:8:45043)
    at Pl (https://railway.com/assets/react-dom-CWIgXKDx.js:8:39294)
    at Nl (https://railway.com/assets/react-dom-CWIgXKDx.js:8:39267)
    at vl (https://railway.com/assets/react-dom-CWIgXKDx.js:8:34357)
    at te (https://railway.com/assets/react-dom-CWIgXKDx.js:1:1616)
    at MessagePort.se (https://railway.com/assets/react-dom-CWIgXKDx.js:1:1986)
[    1123ms] Error: Minified React error #418; visit https://reactjs.org/docs/error-decoder.html?invariant=418 for the full message or use the non-minified dev environment for full errors and additional helpful warnings.
    at Va (https://railway.com/assets/react-dom-CWIgXKDx.js:6:4758)
    at Wl (https://railway.com/assets/react-dom-CWIgXKDx.js:8:45043)
    at Pl (https://railway.com/assets/react-dom-CWIgXKDx.js:8:39294)
    at Nl (https://railway.com/assets/react-dom-CWIgXKDx.js:8:39267)
    at vl (https://railway.com/assets/react-dom-CWIgXKDx.js:8:34357)
    at te (https://railway.com/assets/react-dom-CWIgXKDx.js:1:1616)
    at MessagePort.se (https://railway.com/assets/react-dom-CWIgXKDx.js:1:1986)
[    1123ms] Error: Minified React error #418; visit https://reactjs.org/docs/error-decoder.html?invariant=418 for the full message or use the non-minified dev environment for full errors and additional helpful warnings.
    at Va (https://railway.com/assets/react-dom-CWIgXKDx.js:6:4758)
    at Wl (https://railway.com/assets/react-dom-CWIgXKDx.js:8:45043)
    at Pl (https://railway.com/assets/react-dom-CWIgXKDx.js:8:39294)
    at Nl (https://railway.com/assets/react-dom-CWIgXKDx.js:8:39267)
    at vl (https://railway.com/assets/react-dom-CWIgXKDx.js:8:34357)
    at te (https://railway.com/assets/react-dom-CWIgXKDx.js:1:1616)
    at MessagePort.se (https://railway.com/assets/react-dom-CWIgXKDx.js:1:1986)
[    1124ms] Error: Minified React error #418; visit https://reactjs.org/docs/error-decoder.html?invariant=418 for the full message or use the non-minified dev environment for full errors and additional helpful warnings.
    at Va (https://railway.com/assets/react-dom-CWIgXKDx.js:6:4758)
    at Wl (https://railway.com/assets/react-dom-CWIgXKDx.js:8:45043)
    at Pl (https://railway.com/assets/react-dom-CWIgXKDx.js:8:39294)
    at Nl (https://railway.com/assets/react-dom-CWIgXKDx.js:8:39267)
    at vl (https://railway.com/assets/react-dom-CWIgXKDx.js:8:34357)
    at te (https://railway.com/assets/react-dom-CWIgXKDx.js:1:1616)
    at MessagePort.se (https://railway.com/assets/react-dom-CWIgXKDx.js:1:1986)
[    1124ms] Error: Minified React error #418; visit https://reactjs.org/docs/error-decoder.html?invariant=418 for the full message or use the non-minified dev environment for full errors and additional helpful warnings.
    at Va (https://railway.com/assets/react-dom-CWIgXKDx.js:6:4758)
    at Wl (https://railway.com/assets/react-dom-CWIgXKDx.js:8:45043)
    at Pl (https://railway.com/assets/react-dom-CWIgXKDx.js:8:39294)
    at Nl (https://railway.com/assets/react-dom-CWIgXKDx.js:8:39267)
    at vl (https://railway.com/assets/react-dom-CWIgXKDx.js:8:34357)
    at te (https://railway.com/assets/react-dom-CWIgXKDx.js:1:1616)
    at MessagePort.se (https://railway.com/assets/react-dom-CWIgXKDx.js:1:1986)
[    1124ms] Error: Minified React error #418; visit https://reactjs.org/docs/error-decoder.html?invariant=418 for the full message or use the non-minified dev environment for full errors and additional helpful warnings.
    at Va (https://railway.com/assets/react-dom-CWIgXKDx.js:6:4758)
    at Wl (https://railway.com/assets/react-dom-CWIgXKDx.js:8:45043)
    at Pl (https://railway.com/assets/react-dom-CWIgXKDx.js:8:39294)
    at Nl (https://railway.com/assets/react-dom-CWIgXKDx.js:8:39267)
    at vl (https://railway.com/assets/react-dom-CWIgXKDx.js:8:34357)
    at te (https://railway.com/assets/react-dom-CWIgXKDx.js:1:1616)
    at MessagePort.se (https://railway.com/assets/react-dom-CWIgXKDx.js:1:1986)
[    1124ms] Error: Minified React error #418; visit https://reactjs.org/docs/error-decoder.html?invariant=418 for the full message or use the non-minified dev environment for full errors and additional helpful warnings.
    at Va (https://railway.com/assets/react-dom-CWIgXKDx.js:6:4758)
    at Wl (https://railway.com/assets/react-dom-CWIgXKDx.js:8:45043)
    at Pl (https://railway.com/assets/react-dom-CWIgXKDx.js:8:39294)
    at Nl (https://railway.com/assets/react-dom-CWIgXKDx.js:8:39267)
    at vl (https://railway.com/assets/react-dom-CWIgXKDx.js:8:34357)
    at te (https://railway.com/assets/react-dom-CWIgXKDx.js:1:1616)
    at MessagePort.se (https://railway.com/assets/react-dom-CWIgXKDx.js:1:1986)
[    1124ms] Error: Minified React error #418; visit https://reactjs.org/docs/error-decoder.html?invariant=418 for the full message or use the non-minified dev environment for full errors and additional helpful warnings.
    at Va (https://railway.com/assets/react-dom-CWIgXKDx.js:6:4758)
    at Wl (https://railway.com/assets/react-dom-CWIgXKDx.js:8:45043)
    at Pl (https://railway.com/assets/react-dom-CWIgXKDx.js:8:39294)
    at Nl (https://railway.com/assets/react-dom-CWIgXKDx.js:8:39267)
    at vl (https://railway.com/assets/react-dom-CWIgXKDx.js:8:34357)
    at te (https://railway.com/assets/react-dom-CWIgXKDx.js:1:1616)
    at MessagePort.se (https://railway.com/assets/react-dom-CWIgXKDx.js:1:1986)
[    1125ms] Error: Minified React error #418; visit https://reactjs.org/docs/error-decoder.html?invariant=418 for the full message or use the non-minified dev environment for full errors and additional helpful warnings.
    at Va (https://railway.com/assets/react-dom-CWIgXKDx.js:6:4758)
    at Wl (https://railway.com/assets/react-dom-CWIgXKDx.js:8:45043)
    at Pl (https://railway.com/assets/react-dom-CWIgXKDx.js:8:39294)
    at Nl (https://railway.com/assets/react-dom-CWIgXKDx.js:8:39267)
    at vl (https://railway.com/assets/react-dom-CWIgXKDx.js:8:34357)
    at te (https://railway.com/assets/react-dom-CWIgXKDx.js:1:1616)
    at MessagePort.se (https://railway.com/assets/react-dom-CWIgXKDx.js:1:1986)
[    1125ms] Error: Minified React error #418; visit https://reactjs.org/docs/error-decoder.html?invariant=418 for the full message or use the non-minified dev environment for full errors and additional helpful warnings.
    at Va (https://railway.com/assets/react-dom-CWIgXKDx.js:6:4758)
    at Wl (https://railway.com/assets/react-dom-CWIgXKDx.js:8:45043)
    at Pl (https://railway.com/assets/react-dom-CWIgXKDx.js:8:39294)
    at Nl (https://railway.com/assets/react-dom-CWIgXKDx.js:8:39267)
    at vl (https://railway.com/assets/react-dom-CWIgXKDx.js:8:34357)
    at te (https://railway.com/assets/react-dom-CWIgXKDx.js:1:1616)
    at MessagePort.se (https://railway.com/assets/react-dom-CWIgXKDx.js:1:1986)
[    1125ms] Error: Minified React error #418; visit https://reactjs.org/docs/error-decoder.html?invariant=418 for the full message or use the non-minified dev environment for full errors and additional helpful warnings.
    at Va (https://railway.com/assets/react-dom-CWIgXKDx.js:6:4758)
    at Wl (https://railway.com/assets/react-dom-CWIgXKDx.js:8:45043)
    at Pl (https://railway.com/assets/react-dom-CWIgXKDx.js:8:39294)
    at Nl (https://railway.com/assets/react-dom-CWIgXKDx.js:8:39267)
    at vl (https://railway.com/assets/react-dom-CWIgXKDx.js:8:34357)
    at te (https://railway.com/assets/react-dom-CWIgXKDx.js:1:1616)
    at MessagePort.se (https://railway.com/assets/react-dom-CWIgXKDx.js:1:1986)
[    1125ms] Error: Minified React error #418; visit https://reactjs.org/docs/error-decoder.html?invariant=418 for the full message or use the non-minified dev environment for full errors and additional helpful warnings.
    at Va (https://railway.com/assets/react-dom-CWIgXKDx.js:6:4758)
    at Wl (https://railway.com/assets/react-dom-CWIgXKDx.js:8:45043)
    at Pl (https://railway.com/assets/react-dom-CWIgXKDx.js:8:39294)
    at Nl (https://railway.com/assets/react-dom-CWIgXKDx.js:8:39267)
    at vl (https://railway.com/assets/react-dom-CWIgXKDx.js:8:34357)
    at te (https://railway.com/assets/react-dom-CWIgXKDx.js:1:1616)
    at MessagePort.se (https://railway.com/assets/react-dom-CWIgXKDx.js:1:1986)
[    1126ms] Error: Minified React error #418; visit https://reactjs.org/docs/error-decoder.html?invariant=418 for the full message or use the non-minified dev environment for full errors and additional helpful warnings.
    at Va (https://railway.com/assets/react-dom-CWIgXKDx.js:6:4758)
    at Wl (https://railway.com/assets/react-dom-CWIgXKDx.js:8:45043)
    at Pl (https://railway.com/assets/react-dom-CWIgXKDx.js:8:39294)
    at Nl (https://railway.com/assets/react-dom-CWIgXKDx.js:8:39267)
    at vl (https://railway.com/assets/react-dom-CWIgXKDx.js:8:34357)
    at te (https://railway.com/assets/react-dom-CWIgXKDx.js:1:1616)
    at MessagePort.se (https://railway.com/assets/react-dom-CWIgXKDx.js:1:1986)
[    1126ms] Error: Minified React error #418; visit https://reactjs.org/docs/error-decoder.html?invariant=418 for the full message or use the non-minified dev environment for full errors and additional helpful warnings.
    at Va (https://railway.com/assets/react-dom-CWIgXKDx.js:6:4758)
    at Wl (https://railway.com/assets/react-dom-CWIgXKDx.js:8:45043)
    at Pl (https://railway.com/assets/react-dom-CWIgXKDx.js:8:39294)
    at Nl (https://railway.com/assets/react-dom-CWIgXKDx.js:8:39267)
    at vl (https://railway.com/assets/react-dom-CWIgXKDx.js:8:34357)
    at te (https://railway.com/assets/react-dom-CWIgXKDx.js:1:1616)
    at MessagePort.se (https://railway.com/assets/react-dom-CWIgXKDx.js:1:1986)
[    1126ms] Error: Minified React error #418; visit https://reactjs.org/docs/error-decoder.html?invariant=418 for the full message or use the non-minified dev environment for full errors and additional helpful warnings.
    at Va (https://railway.com/assets/react-dom-CWIgXKDx.js:6:4758)
    at Wl (https://railway.com/assets/react-dom-CWIgXKDx.js:8:45043)
    at Pl (https://railway.com/assets/react-dom-CWIgXKDx.js:8:39294)
    at Nl (https://railway.com/assets/react-dom-CWIgXKDx.js:8:39267)
    at vl (https://railway.com/assets/react-dom-CWIgXKDx.js:8:34357)
    at te (https://railway.com/assets/react-dom-CWIgXKDx.js:1:1616)
    at MessagePort.se (https://railway.com/assets/react-dom-CWIgXKDx.js:1:1986)
[    1126ms] Error: Minified React error #418; visit https://reactjs.org/docs/error-decoder.html?invariant=418 for the full message or use the non-minified dev environment for full errors and additional helpful warnings.
    at Va (https://railway.com/assets/react-dom-CWIgXKDx.js:6:4758)
    at Wl (https://railway.com/assets/react-dom-CWIgXKDx.js:8:45043)
    at Pl (https://railway.com/assets/react-dom-CWIgXKDx.js:8:39294)
    at Nl (https://railway.com/assets/react-dom-CWIgXKDx.js:8:39267)
    at vl (https://railway.com/assets/react-dom-CWIgXKDx.js:8:34357)
    at te (https://railway.com/assets/react-dom-CWIgXKDx.js:1:1616)
    at MessagePort.se (https://railway.com/assets/react-dom-CWIgXKDx.js:1:1986)
[    1126ms] Error: Minified React error #418; visit https://reactjs.org/docs/error-decoder.html?invariant=418 for the full message or use the non-minified dev environment for full errors and additional helpful warnings.
    at Va (https://railway.com/assets/react-dom-CWIgXKDx.js:6:4758)
    at Wl (https://railway.com/assets/react-dom-CWIgXKDx.js:8:45043)
    at Pl (https://railway.com/assets/react-dom-CWIgXKDx.js:8:39294)
    at Nl (https://railway.com/assets/react-dom-CWIgXKDx.js:8:39267)
    at vl (https://railway.com/assets/react-dom-CWIgXKDx.js:8:34357)
    at te (https://railway.com/assets/react-dom-CWIgXKDx.js:1:1616)
    at MessagePort.se (https://railway.com/assets/react-dom-CWIgXKDx.js:1:1986)
[    1127ms] Error: Minified React error #418; visit https://reactjs.org/docs/error-decoder.html?invariant=418 for the full message or use the non-minified dev environment for full errors and additional helpful warnings.
    at Va (https://railway.com/assets/react-dom-CWIgXKDx.js:6:4758)
    at Wl (https://railway.com/assets/react-dom-CWIgXKDx.js:8:45043)
    at Pl (https://railway.com/assets/react-dom-CWIgXKDx.js:8:39294)
    at Nl (https://railway.com/assets/react-dom-CWIgXKDx.js:8:39267)
    at vl (https://railway.com/assets/react-dom-CWIgXKDx.js:8:34357)
    at te (https://railway.com/assets/react-dom-CWIgXKDx.js:1:1616)
    at MessagePort.se (https://railway.com/assets/react-dom-CWIgXKDx.js:1:1986)
[    1127ms] Error: Minified React error #418; visit https://reactjs.org/docs/error-decoder.html?invariant=418 for the full message or use the non-minified dev environment for full errors and additional helpful warnings.
    at Va (https://railway.com/assets/react-dom-CWIgXKDx.js:6:4758)
    at Wl (https://railway.com/assets/react-dom-CWIgXKDx.js:8:45043)
    at Pl (https://railway.com/assets/react-dom-CWIgXKDx.js:8:39294)
    at Nl (https://railway.com/assets/react-dom-CWIgXKDx.js:8:39267)
    at vl (https://railway.com/assets/react-dom-CWIgXKDx.js:8:34357)
    at te (https://railway.com/assets/react-dom-CWIgXKDx.js:1:1616)
    at MessagePort.se (https://railway.com/assets/react-dom-CWIgXKDx.js:1:1986)
[    1127ms] Error: Minified React error #418; visit https://reactjs.org/docs/error-decoder.html?invariant=418 for the full message or use the non-minified dev environment for full errors and additional helpful warnings.
    at Va (https://railway.com/assets/react-dom-CWIgXKDx.js:6:4758)
    at Wl (https://railway.com/assets/react-dom-CWIgXKDx.js:8:45043)
    at Pl (https://railway.com/assets/react-dom-CWIgXKDx.js:8:39294)
    at Nl (https://railway.com/assets/react-dom-CWIgXKDx.js:8:39267)
    at vl (https://railway.com/assets/react-dom-CWIgXKDx.js:8:34357)
    at te (https://railway.com/assets/react-dom-CWIgXKDx.js:1:1616)
    at MessagePort.se (https://railway.com/assets/react-dom-CWIgXKDx.js:1:1986)
[    1127ms] Error: Minified React error #418; visit https://reactjs.org/docs/error-decoder.html?invariant=418 for the full message or use the non-minified dev environment for full errors and additional helpful warnings.
    at Va (https://railway.com/assets/react-dom-CWIgXKDx.js:6:4758)
    at Wl (https://railway.com/assets/react-dom-CWIgXKDx.js:8:45043)
    at Pl (https://railway.com/assets/react-dom-CWIgXKDx.js:8:39294)
    at Nl (https://railway.com/assets/react-dom-CWIgXKDx.js:8:39267)
    at vl (https://railway.com/assets/react-dom-CWIgXKDx.js:8:34357)
    at te (https://railway.com/assets/react-dom-CWIgXKDx.js:1:1616)
    at MessagePort.se (https://railway.com/assets/react-dom-CWIgXKDx.js:1:1986)
[    1127ms] Error: Minified React error #418; visit https://reactjs.org/docs/error-decoder.html?invariant=418 for the full message or use the non-minified dev environment for full errors and additional helpful warnings.
    at Va (https://railway.com/assets/react-dom-CWIgXKDx.js:6:4758)
    at Wl (https://railway.com/assets/react-dom-CWIgXKDx.js:8:45043)
    at Pl (https://railway.com/assets/react-dom-CWIgXKDx.js:8:39294)
    at Nl (https://railway.com/assets/react-dom-CWIgXKDx.js:8:39267)
    at vl (https://railway.com/assets/react-dom-CWIgXKDx.js:8:34357)
    at te (https://railway.com/assets/react-dom-CWIgXKDx.js:1:1616)
    at MessagePort.se (https://railway.com/assets/react-dom-CWIgXKDx.js:1:1986)
[    1127ms] Error: Minified React error #418; visit https://reactjs.org/docs/error-decoder.html?invariant=418 for the full message or use the non-minified dev environment for full errors and additional helpful warnings.
    at Va (https://railway.com/assets/react-dom-CWIgXKDx.js:6:4758)
    at Wl (https://railway.com/assets/react-dom-CWIgXKDx.js:8:45043)
    at Pl (https://railway.com/assets/react-dom-CWIgXKDx.js:8:39294)
    at Nl (https://railway.com/assets/react-dom-CWIgXKDx.js:8:39267)
    at vl (https://railway.com/assets/react-dom-CWIgXKDx.js:8:34357)
    at te (https://railway.com/assets/react-dom-CWIgXKDx.js:1:1616)
    at MessagePort.se (https://railway.com/assets/react-dom-CWIgXKDx.js:1:1986)
[    1127ms] Error: Minified React error #418; visit https://reactjs.org/docs/error-decoder.html?invariant=418 for the full message or use the non-minified dev environment for full errors and additional helpful warnings.
    at Va (https://railway.com/assets/react-dom-CWIgXKDx.js:6:4758)
    at Wl (https://railway.com/assets/react-dom-CWIgXKDx.js:8:45043)
    at Pl (https://railway.com/assets/react-dom-CWIgXKDx.js:8:39294)
    at Nl (https://railway.com/assets/react-dom-CWIgXKDx.js:8:39267)
    at vl (https://railway.com/assets/react-dom-CWIgXKDx.js:8:34357)
    at te (https://railway.com/assets/react-dom-CWIgXKDx.js:1:1616)
    at MessagePort.se (https://railway.com/assets/react-dom-CWIgXKDx.js:1:1986)
[    1127ms] Error: Minified React error #418; visit https://reactjs.org/docs/error-decoder.html?invariant=418 for the full message or use the non-minified dev environment for full errors and additional helpful warnings.
    at Va (https://railway.com/assets/react-dom-CWIgXKDx.js:6:4758)
    at Wl (https://railway.com/assets/react-dom-CWIgXKDx.js:8:45043)
    at Pl (https://railway.com/assets/react-dom-CWIgXKDx.js:8:39294)
    at Nl (https://railway.com/assets/react-dom-CWIgXKDx.js:8:39267)
    at vl (https://railway.com/assets/react-dom-CWIgXKDx.js:8:34357)
    at te (https://railway.com/assets/react-dom-CWIgXKDx.js:1:1616)
    at MessagePort.se (https://railway.com/assets/react-dom-CWIgXKDx.js:1:1986)
[    1128ms] Error: Minified React error #418; visit https://reactjs.org/docs/error-decoder.html?invariant=418 for the full message or use the non-minified dev environment for full errors and additional helpful warnings.
    at Va (https://railway.com/assets/react-dom-CWIgXKDx.js:6:4758)
    at Wl (https://railway.com/assets/react-dom-CWIgXKDx.js:8:45043)
    at Pl (https://railway.com/assets/react-dom-CWIgXKDx.js:8:39294)
    at Nl (https://railway.com/assets/react-dom-CWIgXKDx.js:8:39267)
    at vl (https://railway.com/assets/react-dom-CWIgXKDx.js:8:34357)
    at te (https://railway.com/assets/react-dom-CWIgXKDx.js:1:1616)
    at MessagePort.se (https://railway.com/assets/react-dom-CWIgXKDx.js:1:1986)
[    1128ms] Error: Minified React error #418; visit https://reactjs.org/docs/error-decoder.html?invariant=418 for the full message or use the non-minified dev environment for full errors and additional helpful warnings.
    at Va (https://railway.com/assets/react-dom-CWIgXKDx.js:6:4758)
    at Wl (https://railway.com/assets/react-dom-CWIgXKDx.js:8:45043)
    at Pl (https://railway.com/assets/react-dom-CWIgXKDx.js:8:39294)
    at Nl (https://railway.com/assets/react-dom-CWIgXKDx.js:8:39267)
    at vl (https://railway.com/assets/react-dom-CWIgXKDx.js:8:34357)
    at te (https://railway.com/assets/react-dom-CWIgXKDx.js:1:1616)
    at MessagePort.se (https://railway.com/assets/react-dom-CWIgXKDx.js:1:1986)
[    1128ms] Error: Minified React error #418; visit https://reactjs.org/docs/error-decoder.html?invariant=418 for the full message or use the non-minified dev environment for full errors and additional helpful warnings.
    at Va (https://railway.com/assets/react-dom-CWIgXKDx.js:6:4758)
    at Wl (https://railway.com/assets/react-dom-CWIgXKDx.js:8:45043)
    at Pl (https://railway.com/assets/react-dom-CWIgXKDx.js:8:39294)
    at Nl (https://railway.com/assets/react-dom-CWIgXKDx.js:8:39267)
    at vl (https://railway.com/assets/react-dom-CWIgXKDx.js:8:34357)
    at te (https://railway.com/assets/react-dom-CWIgXKDx.js:1:1616)
    at MessagePort.se (https://railway.com/assets/react-dom-CWIgXKDx.js:1:1986)
[    1128ms] Error: Minified React error #418; visit https://reactjs.org/docs/error-decoder.html?invariant=418 for the full message or use the non-minified dev environment for full errors and additional helpful warnings.
    at Va (https://railway.com/assets/react-dom-CWIgXKDx.js:6:4758)
    at Wl (https://railway.com/assets/react-dom-CWIgXKDx.js:8:45043)
    at Pl (https://railway.com/assets/react-dom-CWIgXKDx.js:8:39294)
    at Nl (https://railway.com/assets/react-dom-CWIgXKDx.js:8:39267)
    at vl (https://railway.com/assets/react-dom-CWIgXKDx.js:8:34357)
    at te (https://railway.com/assets/react-dom-CWIgXKDx.js:1:1616)
    at MessagePort.se (https://railway.com/assets/react-dom-CWIgXKDx.js:1:1986)
[    1128ms] Error: Minified React error #418; visit https://reactjs.org/docs/error-decoder.html?invariant=418 for the full message or use the non-minified dev environment for full errors and additional helpful warnings.
    at Va (https://railway.com/assets/react-dom-CWIgXKDx.js:6:4758)
    at Wl (https://railway.com/assets/react-dom-CWIgXKDx.js:8:45043)
    at Pl (https://railway.com/assets/react-dom-CWIgXKDx.js:8:39294)
    at Nl (https://railway.com/assets/react-dom-CWIgXKDx.js:8:39267)
    at vl (https://railway.com/assets/react-dom-CWIgXKDx.js:8:34357)
    at te (https://railway.com/assets/react-dom-CWIgXKDx.js:1:1616)
    at MessagePort.se (https://railway.com/assets/react-dom-CWIgXKDx.js:1:1986)
[    1128ms] Error: Minified React error #418; visit https://reactjs.org/docs/error-decoder.html?invariant=418 for the full message or use the non-minified dev environment for full errors and additional helpful warnings.
    at Va (https://railway.com/assets/react-dom-CWIgXKDx.js:6:4758)
    at Wl (https://railway.com/assets/react-dom-CWIgXKDx.js:8:45043)
    at Pl (https://railway.com/assets/react-dom-CWIgXKDx.js:8:39294)
    at Nl (https://railway.com/assets/react-dom-CWIgXKDx.js:8:39267)
    at vl (https://railway.com/assets/react-dom-CWIgXKDx.js:8:34357)
    at te (https://railway.com/assets/react-dom-CWIgXKDx.js:1:1616)
    at MessagePort.se (https://railway.com/assets/react-dom-CWIgXKDx.js:1:1986)
[    1129ms] Error: Minified React error #418; visit https://reactjs.org/docs/error-decoder.html?invariant=418 for the full message or use the non-minified dev environment for full errors and additional helpful warnings.
    at Va (https://railway.com/assets/react-dom-CWIgXKDx.js:6:4758)
    at Wl (https://railway.com/assets/react-dom-CWIgXKDx.js:8:45043)
    at Pl (https://railway.com/assets/react-dom-CWIgXKDx.js:8:39294)
    at Nl (https://railway.com/assets/react-dom-CWIgXKDx.js:8:39267)
    at vl (https://railway.com/assets/react-dom-CWIgXKDx.js:8:34357)
    at te (https://railway.com/assets/react-dom-CWIgXKDx.js:1:1616)
    at MessagePort.se (https://railway.com/assets/react-dom-CWIgXKDx.js:1:1986)
[    1129ms] Error: Minified React error #418; visit https://reactjs.org/docs/error-decoder.html?invariant=418 for the full message or use the non-minified dev environment for full errors and additional helpful warnings.
    at Va (https://railway.com/assets/react-dom-CWIgXKDx.js:6:4758)
    at Wl (https://railway.com/assets/react-dom-CWIgXKDx.js:8:45043)
    at Pl (https://railway.com/assets/react-dom-CWIgXKDx.js:8:39294)
    at Nl (https://railway.com/assets/react-dom-CWIgXKDx.js:8:39267)
    at vl (https://railway.com/assets/react-dom-CWIgXKDx.js:8:34357)
    at te (https://railway.com/assets/react-dom-CWIgXKDx.js:1:1616)
    at MessagePort.se (https://railway.com/assets/react-dom-CWIgXKDx.js:1:1986)
[    1129ms] Error: Minified React error #418; visit https://reactjs.org/docs/error-decoder.html?invariant=418 for the full message or use the non-minified dev environment for full errors and additional helpful warnings.
    at Va (https://railway.com/assets/react-dom-CWIgXKDx.js:6:4758)
    at Wl (https://railway.com/assets/react-dom-CWIgXKDx.js:8:45043)
    at Pl (https://railway.com/assets/react-dom-CWIgXKDx.js:8:39294)
    at Nl (https://railway.com/assets/react-dom-CWIgXKDx.js:8:39267)
    at vl (https://railway.com/assets/react-dom-CWIgXKDx.js:8:34357)
    at te (https://railway.com/assets/react-dom-CWIgXKDx.js:1:1616)
    at MessagePort.se (https://railway.com/assets/react-dom-CWIgXKDx.js:1:1986)
[    1130ms] Error: Minified React error #418; visit https://reactjs.org/docs/error-decoder.html?invariant=418 for the full message or use the non-minified dev environment for full errors and additional helpful warnings.
    at Va (https://railway.com/assets/react-dom-CWIgXKDx.js:6:4758)
    at Wl (https://railway.com/assets/react-dom-CWIgXKDx.js:8:45043)
    at Pl (https://railway.com/assets/react-dom-CWIgXKDx.js:8:39294)
    at Nl (https://railway.com/assets/react-dom-CWIgXKDx.js:8:39267)
    at vl (https://railway.com/assets/react-dom-CWIgXKDx.js:8:34357)
    at te (https://railway.com/assets/react-dom-CWIgXKDx.js:1:1616)
    at MessagePort.se (https://railway.com/assets/react-dom-CWIgXKDx.js:1:1986)
[    1130ms] Error: Minified React error #418; visit https://reactjs.org/docs/error-decoder.html?invariant=418 for the full message or use the non-minified dev environment for full errors and additional helpful warnings.
    at Va (https://railway.com/assets/react-dom-CWIgXKDx.js:6:4758)
    at Wl (https://railway.com/assets/react-dom-CWIgXKDx.js:8:45043)
    at Pl (https://railway.com/assets/react-dom-CWIgXKDx.js:8:39294)
    at Nl (https://railway.com/assets/react-dom-CWIgXKDx.js:8:39267)
    at vl (https://railway.com/assets/react-dom-CWIgXKDx.js:8:34357)
    at te (https://railway.com/assets/react-dom-CWIgXKDx.js:1:1616)
    at MessagePort.se (https://railway.com/assets/react-dom-CWIgXKDx.js:1:1986)
[    1130ms] Error: Minified React error #418; visit https://reactjs.org/docs/error-decoder.html?invariant=418 for the full message or use the non-minified dev environment for full errors and additional helpful warnings.
    at Va (https://railway.com/assets/react-dom-CWIgXKDx.js:6:4758)
    at Wl (https://railway.com/assets/react-dom-CWIgXKDx.js:8:45043)
    at Pl (https://railway.com/assets/react-dom-CWIgXKDx.js:8:39294)
    at Nl (https://railway.com/assets/react-dom-CWIgXKDx.js:8:39267)
    at vl (https://railway.com/assets/react-dom-CWIgXKDx.js:8:34357)
    at te (https://railway.com/assets/react-dom-CWIgXKDx.js:1:1616)
    at MessagePort.se (https://railway.com/assets/react-dom-CWIgXKDx.js:1:1986)
[    1130ms] Error: Minified React error #418; visit https://reactjs.org/docs/error-decoder.html?invariant=418 for the full message or use the non-minified dev environment for full errors and additional helpful warnings.
    at Va (https://railway.com/assets/react-dom-CWIgXKDx.js:6:4758)
    at Wl (https://railway.com/assets/react-dom-CWIgXKDx.js:8:45043)
    at Pl (https://railway.com/assets/react-dom-CWIgXKDx.js:8:39294)
    at Nl (https://railway.com/assets/react-dom-CWIgXKDx.js:8:39267)
    at vl (https://railway.com/assets/react-dom-CWIgXKDx.js:8:34357)
    at te (https://railway.com/assets/react-dom-CWIgXKDx.js:1:1616)
    at MessagePort.se (https://railway.com/assets/react-dom-CWIgXKDx.js:1:1986)
[    1130ms] Error: Minified React error #418; visit https://reactjs.org/docs/error-decoder.html?invariant=418 for the full message or use the non-minified dev environment for full errors and additional helpful warnings.
    at Va (https://railway.com/assets/react-dom-CWIgXKDx.js:6:4758)
    at Wl (https://railway.com/assets/react-dom-CWIgXKDx.js:8:45043)
    at Pl (https://railway.com/assets/react-dom-CWIgXKDx.js:8:39294)
    at Nl (https://railway.com/assets/react-dom-CWIgXKDx.js:8:39267)
    at vl (https://railway.com/assets/react-dom-CWIgXKDx.js:8:34357)
    at te (https://railway.com/assets/react-dom-CWIgXKDx.js:1:1616)
    at MessagePort.se (https://railway.com/assets/react-dom-CWIgXKDx.js:1:1986)
[    1130ms] Error: Minified React error #418; visit https://reactjs.org/docs/error-decoder.html?invariant=418 for the full message or use the non-minified dev environment for full errors and additional helpful warnings.
    at Va (https://railway.com/assets/react-dom-CWIgXKDx.js:6:4758)
    at Wl (https://railway.com/assets/react-dom-CWIgXKDx.js:8:45043)
    at Pl (https://railway.com/assets/react-dom-CWIgXKDx.js:8:39294)
    at Nl (https://railway.com/assets/react-dom-CWIgXKDx.js:8:39267)
    at vl (https://railway.com/assets/react-dom-CWIgXKDx.js:8:34357)
    at te (https://railway.com/assets/react-dom-CWIgXKDx.js:1:1616)
    at MessagePort.se (https://railway.com/assets/react-dom-CWIgXKDx.js:1:1986)
[    1130ms] Error: Minified React error #418; visit https://reactjs.org/docs/error-decoder.html?invariant=418 for the full message or use the non-minified dev environment for full errors and additional helpful warnings.
    at Va (https://railway.com/assets/react-dom-CWIgXKDx.js:6:4758)
    at Wl (https://railway.com/assets/react-dom-CWIgXKDx.js:8:45043)
    at Pl (https://railway.com/assets/react-dom-CWIgXKDx.js:8:39294)
    at Nl (https://railway.com/assets/react-dom-CWIgXKDx.js:8:39267)
    at vl (https://railway.com/assets/react-dom-CWIgXKDx.js:8:34357)
    at te (https://railway.com/assets/react-dom-CWIgXKDx.js:1:1616)
    at MessagePort.se (https://railway.com/assets/react-dom-CWIgXKDx.js:1:1986)
[    1130ms] Error: Minified React error #418; visit https://reactjs.org/docs/error-decoder.html?invariant=418 for the full message or use the non-minified dev environment for full errors and additional helpful warnings.
    at Va (https://railway.com/assets/react-dom-CWIgXKDx.js:6:4758)
    at Wl (https://railway.com/assets/react-dom-CWIgXKDx.js:8:45043)
    at Pl (https://railway.com/assets/react-dom-CWIgXKDx.js:8:39294)
    at Nl (https://railway.com/assets/react-dom-CWIgXKDx.js:8:39267)
    at vl (https://railway.com/assets/react-dom-CWIgXKDx.js:8:34357)
    at te (https://railway.com/assets/react-dom-CWIgXKDx.js:1:1616)
    at MessagePort.se (https://railway.com/assets/react-dom-CWIgXKDx.js:1:1986)
[    1130ms] Error: Minified React error #418; visit https://reactjs.org/docs/error-decoder.html?invariant=418 for the full message or use the non-minified dev environment for full errors and additional helpful warnings.
    at Va (https://railway.com/assets/react-dom-CWIgXKDx.js:6:4758)
    at Wl (https://railway.com/assets/react-dom-CWIgXKDx.js:8:45043)
    at Pl (https://railway.com/assets/react-dom-CWIgXKDx.js:8:39294)
    at Nl (https://railway.com/assets/react-dom-CWIgXKDx.js:8:39267)
    at vl (https://railway.com/assets/react-dom-CWIgXKDx.js:8:34357)
    at te (https://railway.com/assets/react-dom-CWIgXKDx.js:1:1616)
    at MessagePort.se (https://railway.com/assets/react-dom-CWIgXKDx.js:1:1986)
[    1130ms] Error: Minified React error #418; visit https://reactjs.org/docs/error-decoder.html?invariant=418 for the full message or use the non-minified dev environment for full errors and additional helpful warnings.
    at Va (https://railway.com/assets/react-dom-CWIgXKDx.js:6:4758)
    at Wl (https://railway.com/assets/react-dom-CWIgXKDx.js:8:45043)
    at Pl (https://railway.com/assets/react-dom-CWIgXKDx.js:8:39294)
    at Nl (https://railway.com/assets/react-dom-CWIgXKDx.js:8:39267)
    at vl (https://railway.com/assets/react-dom-CWIgXKDx.js:8:34357)
    at te (https://railway.com/assets/react-dom-CWIgXKDx.js:1:1616)
    at MessagePort.se (https://railway.com/assets/react-dom-CWIgXKDx.js:1:1986)
[    1130ms] Error: Minified React error #418; visit https://reactjs.org/docs/error-decoder.html?invariant=418 for the full message or use the non-minified dev environment for full errors and additional helpful warnings.
    at Va (https://railway.com/assets/react-dom-CWIgXKDx.js:6:4758)
    at Wl (https://railway.com/assets/react-dom-CWIgXKDx.js:8:45043)
    at Pl (https://railway.com/assets/react-dom-CWIgXKDx.js:8:39294)
    at Nl (https://railway.com/assets/react-dom-CWIgXKDx.js:8:39267)
    at vl (https://railway.com/assets/react-dom-CWIgXKDx.js:8:34357)
    at te (https://railway.com/assets/react-dom-CWIgXKDx.js:1:1616)
    at MessagePort.se (https://railway.com/assets/react-dom-CWIgXKDx.js:1:1986)
[    1130ms] Error: Minified React error #418; visit https://reactjs.org/docs/error-decoder.html?invariant=418 for the full message or use the non-minified dev environment for full errors and additional helpful warnings.
    at Va (https://railway.com/assets/react-dom-CWIgXKDx.js:6:4758)
    at Wl (https://railway.com/assets/react-dom-CWIgXKDx.js:8:45043)
    at Pl (https://railway.com/assets/react-dom-CWIgXKDx.js:8:39294)
    at Nl (https://railway.com/assets/react-dom-CWIgXKDx.js:8:39267)
    at vl (https://railway.com/assets/react-dom-CWIgXKDx.js:8:34357)
    at te (https://railway.com/assets/react-dom-CWIgXKDx.js:1:1616)
    at MessagePort.se (https://railway.com/assets/react-dom-CWIgXKDx.js:1:1986)
[    1130ms] Error: Minified React error #418; visit https://reactjs.org/docs/error-decoder.html?invariant=418 for the full message or use the non-minified dev environment for full errors and additional helpful warnings.
    at Va (https://railway.com/assets/react-dom-CWIgXKDx.js:6:4758)
    at Wl (https://railway.com/assets/react-dom-CWIgXKDx.js:8:45043)
    at Pl (https://railway.com/assets/react-dom-CWIgXKDx.js:8:39294)
    at Nl (https://railway.com/assets/react-dom-CWIgXKDx.js:8:39267)
    at vl (https://railway.com/assets/react-dom-CWIgXKDx.js:8:34357)
    at te (https://railway.com/assets/react-dom-CWIgXKDx.js:1:1616)
    at MessagePort.se (https://railway.com/assets/react-dom-CWIgXKDx.js:1:1986)
[    1130ms] Error: Minified React error #418; visit https://reactjs.org/docs/error-decoder.html?invariant=418 for the full message or use the non-minified dev environment for full errors and additional helpful warnings.
    at Va (https://railway.com/assets/react-dom-CWIgXKDx.js:6:4758)
    at Wl (https://railway.com/assets/react-dom-CWIgXKDx.js:8:45043)
    at Pl (https://railway.com/assets/react-dom-CWIgXKDx.js:8:39294)
    at Nl (https://railway.com/assets/react-dom-CWIgXKDx.js:8:39267)
    at vl (https://railway.com/assets/react-dom-CWIgXKDx.js:8:34357)
    at te (https://railway.com/assets/react-dom-CWIgXKDx.js:1:1616)
    at MessagePort.se (https://railway.com/assets/react-dom-CWIgXKDx.js:1:1986)
[    1130ms] Error: Minified React error #418; visit https://reactjs.org/docs/error-decoder.html?invariant=418 for the full message or use the non-minified dev environment for full errors and additional helpful warnings.
    at Va (https://railway.com/assets/react-dom-CWIgXKDx.js:6:4758)
    at Wl (https://railway.com/assets/react-dom-CWIgXKDx.js:8:45043)
    at Pl (https://railway.com/assets/react-dom-CWIgXKDx.js:8:39294)
    at Nl (https://railway.com/assets/react-dom-CWIgXKDx.js:8:39267)
    at vl (https://railway.com/assets/react-dom-CWIgXKDx.js:8:34357)
    at te (https://railway.com/assets/react-dom-CWIgXKDx.js:1:1616)
    at MessagePort.se (https://railway.com/assets/react-dom-CWIgXKDx.js:1:1986)
[    1131ms] Error: Minified React error #418; visit https://reactjs.org/docs/error-decoder.html?invariant=418 for the full message or use the non-minified dev environment for full errors and additional helpful warnings.
    at Va (https://railway.com/assets/react-dom-CWIgXKDx.js:6:4758)
    at Wl (https://railway.com/assets/react-dom-CWIgXKDx.js:8:45043)
    at Pl (https://railway.com/assets/react-dom-CWIgXKDx.js:8:39294)
    at Nl (https://railway.com/assets/react-dom-CWIgXKDx.js:8:39267)
    at vl (https://railway.com/assets/react-dom-CWIgXKDx.js:8:34357)
    at te (https://railway.com/assets/react-dom-CWIgXKDx.js:1:1616)
    at MessagePort.se (https://railway.com/assets/react-dom-CWIgXKDx.js:1:1986)
[    1131ms] Error: Minified React error #418; visit https://reactjs.org/docs/error-decoder.html?invariant=418 for the full message or use the non-minified dev environment for full errors and additional helpful warnings.
    at Va (https://railway.com/assets/react-dom-CWIgXKDx.js:6:4758)
    at Wl (https://railway.com/assets/react-dom-CWIgXKDx.js:8:45043)
    at Pl (https://railway.com/assets/react-dom-CWIgXKDx.js:8:39294)
    at Nl (https://railway.com/assets/react-dom-CWIgXKDx.js:8:39267)
    at vl (https://railway.com/assets/react-dom-CWIgXKDx.js:8:34357)
    at te (https://railway.com/assets/react-dom-CWIgXKDx.js:1:1616)
    at MessagePort.se (https://railway.com/assets/react-dom-CWIgXKDx.js:1:1986)
[    1131ms] Error: Minified React error #418; visit https://reactjs.org/docs/error-decoder.html?invariant=418 for the full message or use the non-minified dev environment for full errors and additional helpful warnings.
    at Va (https://railway.com/assets/react-dom-CWIgXKDx.js:6:4758)
    at Wl (https://railway.com/assets/react-dom-CWIgXKDx.js:8:45043)
    at Pl (https://railway.com/assets/react-dom-CWIgXKDx.js:8:39294)
    at Nl (https://railway.com/assets/react-dom-CWIgXKDx.js:8:39267)
    at vl (https://railway.com/assets/react-dom-CWIgXKDx.js:8:34357)
    at te (https://railway.com/assets/react-dom-CWIgXKDx.js:1:1616)
    at MessagePort.se (https://railway.com/assets/react-dom-CWIgXKDx.js:1:1986)
[    1131ms] Error: Minified React error #418; visit https://reactjs.org/docs/error-decoder.html?invariant=418 for the full message or use the non-minified dev environment for full errors and additional helpful warnings.
    at Va (https://railway.com/assets/react-dom-CWIgXKDx.js:6:4758)
    at Wl (https://railway.com/assets/react-dom-CWIgXKDx.js:8:45043)
    at Pl (https://railway.com/assets/react-dom-CWIgXKDx.js:8:39294)
    at Nl (https://railway.com/assets/react-dom-CWIgXKDx.js:8:39267)
    at vl (https://railway.com/assets/react-dom-CWIgXKDx.js:8:34357)
    at te (https://railway.com/assets/react-dom-CWIgXKDx.js:1:1616)
    at MessagePort.se (https://railway.com/assets/react-dom-CWIgXKDx.js:1:1986)
[    1131ms] Error: Minified React error #418; visit https://reactjs.org/docs/error-decoder.html?invariant=418 for the full message or use the non-minified dev environment for full errors and additional helpful warnings.
    at Va (https://railway.com/assets/react-dom-CWIgXKDx.js:6:4758)
    at Wl (https://railway.com/assets/react-dom-CWIgXKDx.js:8:45043)
    at Pl (https://railway.com/assets/react-dom-CWIgXKDx.js:8:39294)
    at Nl (https://railway.com/assets/react-dom-CWIgXKDx.js:8:39267)
    at vl (https://railway.com/assets/react-dom-CWIgXKDx.js:8:34357)
    at te (https://railway.com/assets/react-dom-CWIgXKDx.js:1:1616)
    at MessagePort.se (https://railway.com/assets/react-dom-CWIgXKDx.js:1:1986)
[    1131ms] Error: Minified React error #418; visit https://reactjs.org/docs/error-decoder.html?invariant=418 for the full message or use the non-minified dev environment for full errors and additional helpful warnings.
    at Va (https://railway.com/assets/react-dom-CWIgXKDx.js:6:4758)
    at Wl (https://railway.com/assets/react-dom-CWIgXKDx.js:8:45043)
    at Pl (https://railway.com/assets/react-dom-CWIgXKDx.js:8:39294)
    at Nl (https://railway.com/assets/react-dom-CWIgXKDx.js:8:39267)
    at vl (https://railway.com/assets/react-dom-CWIgXKDx.js:8:34357)
    at te (https://railway.com/assets/react-dom-CWIgXKDx.js:1:1616)
    at MessagePort.se (https://railway.com/assets/react-dom-CWIgXKDx.js:1:1986)
[    1131ms] Error: Minified React error #418; visit https://reactjs.org/docs/error-decoder.html?invariant=418 for the full message or use the non-minified dev environment for full errors and additional helpful warnings.
    at Va (https://railway.com/assets/react-dom-CWIgXKDx.js:6:4758)
    at Wl (https://railway.com/assets/react-dom-CWIgXKDx.js:8:45043)
    at Pl (https://railway.com/assets/react-dom-CWIgXKDx.js:8:39294)
    at Nl (https://railway.com/assets/react-dom-CWIgXKDx.js:8:39267)
    at vl (https://railway.com/assets/react-dom-CWIgXKDx.js:8:34357)
    at te (https://railway.com/assets/react-dom-CWIgXKDx.js:1:1616)
    at MessagePort.se (https://railway.com/assets/react-dom-CWIgXKDx.js:1:1986)
[    1131ms] Error: Minified React error #418; visit https://reactjs.org/docs/error-decoder.html?invariant=418 for the full message or use the non-minified dev environment for full errors and additional helpful warnings.
    at Va (https://railway.com/assets/react-dom-CWIgXKDx.js:6:4758)
    at Wl (https://railway.com/assets/react-dom-CWIgXKDx.js:8:45043)
    at Pl (https://railway.com/assets/react-dom-CWIgXKDx.js:8:39294)
    at Nl (https://railway.com/assets/react-dom-CWIgXKDx.js:8:39267)
    at vl (https://railway.com/assets/react-dom-CWIgXKDx.js:8:34357)
    at te (https://railway.com/assets/react-dom-CWIgXKDx.js:1:1616)
    at MessagePort.se (https://railway.com/assets/react-dom-CWIgXKDx.js:1:1986)
[    1131ms] Error: Minified React error #418; visit https://reactjs.org/docs/error-decoder.html?invariant=418 for the full message or use the non-minified dev environment for full errors and additional helpful warnings.
    at Va (https://railway.com/assets/react-dom-CWIgXKDx.js:6:4758)
    at Wl (https://railway.com/assets/react-dom-CWIgXKDx.js:8:45043)
    at Pl (https://railway.com/assets/react-dom-CWIgXKDx.js:8:39294)
    at Nl (https://railway.com/assets/react-dom-CWIgXKDx.js:8:39267)
    at vl (https://railway.com/assets/react-dom-CWIgXKDx.js:8:34357)
    at te (https://railway.com/assets/react-dom-CWIgXKDx.js:1:1616)
    at MessagePort.se (https://railway.com/assets/react-dom-CWIgXKDx.js:1:1986)
[    1131ms] Error: Minified React error #418; visit https://reactjs.org/docs/error-decoder.html?invariant=418 for the full message or use the non-minified dev environment for full errors and additional helpful warnings.
    at Va (https://railway.com/assets/react-dom-CWIgXKDx.js:6:4758)
    at Wl (https://railway.com/assets/react-dom-CWIgXKDx.js:8:45043)
    at Pl (https://railway.com/assets/react-dom-CWIgXKDx.js:8:39294)
    at Nl (https://railway.com/assets/react-dom-CWIgXKDx.js:8:39267)
    at vl (https://railway.com/assets/react-dom-CWIgXKDx.js:8:34357)
    at te (https://railway.com/assets/react-dom-CWIgXKDx.js:1:1616)
    at MessagePort.se (https://railway.com/assets/react-dom-CWIgXKDx.js:1:1986)
[    1131ms] Error: Minified React error #418; visit https://reactjs.org/docs/error-decoder.html?invariant=418 for the full message or use the non-minified dev environment for full errors and additional helpful warnings.
    at Va (https://railway.com/assets/react-dom-CWIgXKDx.js:6:4758)
    at Wl (https://railway.com/assets/react-dom-CWIgXKDx.js:8:45043)
    at Pl (https://railway.com/assets/react-dom-CWIgXKDx.js:8:39294)
    at Nl (https://railway.com/assets/react-dom-CWIgXKDx.js:8:39267)
    at vl (https://railway.com/assets/react-dom-CWIgXKDx.js:8:34357)
    at te (https://railway.com/assets/react-dom-CWIgXKDx.js:1:1616)
    at MessagePort.se (https://railway.com/assets/react-dom-CWIgXKDx.js:1:1986)
[    1131ms] Error: Minified React error #418; visit https://reactjs.org/docs/error-decoder.html?invariant=418 for the full message or use the non-minified dev environment for full errors and additional helpful warnings.
    at Va (https://railway.com/assets/react-dom-CWIgXKDx.js:6:4758)
    at Wl (https://railway.com/assets/react-dom-CWIgXKDx.js:8:45043)
    at Pl (https://railway.com/assets/react-dom-CWIgXKDx.js:8:39294)
    at Nl (https://railway.com/assets/react-dom-CWIgXKDx.js:8:39267)
    at vl (https://railway.com/assets/react-dom-CWIgXKDx.js:8:34357)
    at te (https://railway.com/assets/react-dom-CWIgXKDx.js:1:1616)
    at MessagePort.se (https://railway.com/assets/react-dom-CWIgXKDx.js:1:1986)
[    1131ms] Error: Minified React error #418; visit https://reactjs.org/docs/error-decoder.html?invariant=418 for the full message or use the non-minified dev environment for full errors and additional helpful warnings.
    at Va (https://railway.com/assets/react-dom-CWIgXKDx.js:6:4758)
    at Wl (https://railway.com/assets/react-dom-CWIgXKDx.js:8:45043)
    at Pl (https://railway.com/assets/react-dom-CWIgXKDx.js:8:39294)
    at Nl (https://railway.com/assets/react-dom-CWIgXKDx.js:8:39267)
    at vl (https://railway.com/assets/react-dom-CWIgXKDx.js:8:34357)
    at te (https://railway.com/assets/react-dom-CWIgXKDx.js:1:1616)
    at MessagePort.se (https://railway.com/assets/react-dom-CWIgXKDx.js:1:1986)
[    1131ms] Error: Minified React error #418; visit https://reactjs.org/docs/error-decoder.html?invariant=418 for the full message or use the non-minified dev environment for full errors and additional helpful warnings.
    at Va (https://railway.com/assets/react-dom-CWIgXKDx.js:6:4758)
    at Wl (https://railway.com/assets/react-dom-CWIgXKDx.js:8:45043)
    at Pl (https://railway.com/assets/react-dom-CWIgXKDx.js:8:39294)
    at Nl (https://railway.com/assets/react-dom-CWIgXKDx.js:8:39267)
    at vl (https://railway.com/assets/react-dom-CWIgXKDx.js:8:34357)
    at te (https://railway.com/assets/react-dom-CWIgXKDx.js:1:1616)
    at MessagePort.se (https://railway.com/assets/react-dom-CWIgXKDx.js:1:1986)
[    1131ms] Error: Minified React error #418; visit https://reactjs.org/docs/error-decoder.html?invariant=418 for the full message or use the non-minified dev environment for full errors and additional helpful warnings.
    at Va (https://railway.com/assets/react-dom-CWIgXKDx.js:6:4758)
    at Wl (https://railway.com/assets/react-dom-CWIgXKDx.js:8:45043)
    at Pl (https://railway.com/assets/react-dom-CWIgXKDx.js:8:39294)
    at Nl (https://railway.com/assets/react-dom-CWIgXKDx.js:8:39267)
    at vl (https://railway.com/assets/react-dom-CWIgXKDx.js:8:34357)
    at te (https://railway.com/assets/react-dom-CWIgXKDx.js:1:1616)
    at MessagePort.se (https://railway.com/assets/react-dom-CWIgXKDx.js:1:1986)
[    1131ms] Error: Minified React error #418; visit https://reactjs.org/docs/error-decoder.html?invariant=418 for the full message or use the non-minified dev environment for full errors and additional helpful warnings.
    at Va (https://railway.com/assets/react-dom-CWIgXKDx.js:6:4758)
    at Wl (https://railway.com/assets/react-dom-CWIgXKDx.js:8:45043)
    at Pl (https://railway.com/assets/react-dom-CWIgXKDx.js:8:39294)
    at Nl (https://railway.com/assets/react-dom-CWIgXKDx.js:8:39267)
    at vl (https://railway.com/assets/react-dom-CWIgXKDx.js:8:34357)
    at te (https://railway.com/assets/react-dom-CWIgXKDx.js:1:1616)
    at MessagePort.se (https://railway.com/assets/react-dom-CWIgXKDx.js:1:1986)
[    1131ms] Error: Minified React error #418; visit https://reactjs.org/docs/error-decoder.html?invariant=418 for the full message or use the non-minified dev environment for full errors and additional helpful warnings.
    at Va (https://railway.com/assets/react-dom-CWIgXKDx.js:6:4758)
    at Wl (https://railway.com/assets/react-dom-CWIgXKDx.js:8:45043)
    at Pl (https://railway.com/assets/react-dom-CWIgXKDx.js:8:39294)
    at Nl (https://railway.com/assets/react-dom-CWIgXKDx.js:8:39267)
    at vl (https://railway.com/assets/react-dom-CWIgXKDx.js:8:34357)
    at te (https://railway.com/assets/react-dom-CWIgXKDx.js:1:1616)
    at MessagePort.se (https://railway.com/assets/react-dom-CWIgXKDx.js:1:1986)
[    1131ms] Error: Minified React error #418; visit https://reactjs.org/docs/error-decoder.html?invariant=418 for the full message or use the non-minified dev environment for full errors and additional helpful warnings.
    at Va (https://railway.com/assets/react-dom-CWIgXKDx.js:6:4758)
    at Wl (https://railway.com/assets/react-dom-CWIgXKDx.js:8:45043)
    at Pl (https://railway.com/assets/react-dom-CWIgXKDx.js:8:39294)
    at Nl (https://railway.com/assets/react-dom-CWIgXKDx.js:8:39267)
    at vl (https://railway.com/assets/react-dom-CWIgXKDx.js:8:34357)
    at te (https://railway.com/assets/react-dom-CWIgXKDx.js:1:1616)
    at MessagePort.se (https://railway.com/assets/react-dom-CWIgXKDx.js:1:1986)
[    1131ms] Error: Minified React error #418; visit https://reactjs.org/docs/error-decoder.html?invariant=418 for the full message or use the non-minified dev environment for full errors and additional helpful warnings.
    at Va (https://railway.com/assets/react-dom-CWIgXKDx.js:6:4758)
    at Wl (https://railway.com/assets/react-dom-CWIgXKDx.js:8:45043)
    at Pl (https://railway.com/assets/react-dom-CWIgXKDx.js:8:39294)
    at Nl (https://railway.com/assets/react-dom-CWIgXKDx.js:8:39267)
    at vl (https://railway.com/assets/react-dom-CWIgXKDx.js:8:34357)
    at te (https://railway.com/assets/react-dom-CWIgXKDx.js:1:1616)
    at MessagePort.se (https://railway.com/assets/react-dom-CWIgXKDx.js:1:1986)
[    1131ms] Error: Minified React error #418; visit https://reactjs.org/docs/error-decoder.html?invariant=418 for the full message or use the non-minified dev environment for full errors and additional helpful warnings.
    at Va (https://railway.com/assets/react-dom-CWIgXKDx.js:6:4758)
    at Wl (https://railway.com/assets/react-dom-CWIgXKDx.js:8:45043)
    at Pl (https://railway.com/assets/react-dom-CWIgXKDx.js:8:39294)
    at Nl (https://railway.com/assets/react-dom-CWIgXKDx.js:8:39267)
    at vl (https://railway.com/assets/react-dom-CWIgXKDx.js:8:34357)
    at te (https://railway.com/assets/react-dom-CWIgXKDx.js:1:1616)
    at MessagePort.se (https://railway.com/assets/react-dom-CWIgXKDx.js:1:1986)
[    1132ms] Error: Minified React error #418; visit https://reactjs.org/docs/error-decoder.html?invariant=418 for the full message or use the non-minified dev environment for full errors and additional helpful warnings.
    at Va (https://railway.com/assets/react-dom-CWIgXKDx.js:6:4758)
    at Wl (https://railway.com/assets/react-dom-CWIgXKDx.js:8:45043)
    at Pl (https://railway.com/assets/react-dom-CWIgXKDx.js:8:39294)
    at Nl (https://railway.com/assets/react-dom-CWIgXKDx.js:8:39267)
    at vl (https://railway.com/assets/react-dom-CWIgXKDx.js:8:34357)
    at te (https://railway.com/assets/react-dom-CWIgXKDx.js:1:1616)
    at MessagePort.se (https://railway.com/assets/react-dom-CWIgXKDx.js:1:1986)
[    1132ms] Error: Minified React error #418; visit https://reactjs.org/docs/error-decoder.html?invariant=418 for the full message or use the non-minified dev environment for full errors and additional helpful warnings.
    at Va (https://railway.com/assets/react-dom-CWIgXKDx.js:6:4758)
    at Wl (https://railway.com/assets/react-dom-CWIgXKDx.js:8:45043)
    at Pl (https://railway.com/assets/react-dom-CWIgXKDx.js:8:39294)
    at Nl (https://railway.com/assets/react-dom-CWIgXKDx.js:8:39267)
    at vl (https://railway.com/assets/react-dom-CWIgXKDx.js:8:34357)
    at te (https://railway.com/assets/react-dom-CWIgXKDx.js:1:1616)
    at MessagePort.se (https://railway.com/assets/react-dom-CWIgXKDx.js:1:1986)
[    1132ms] Error: Minified React error #418; visit https://reactjs.org/docs/error-decoder.html?invariant=418 for the full message or use the non-minified dev environment for full errors and additional helpful warnings.
    at Va (https://railway.com/assets/react-dom-CWIgXKDx.js:6:4758)
    at Wl (https://railway.com/assets/react-dom-CWIgXKDx.js:8:45043)
    at Pl (https://railway.com/assets/react-dom-CWIgXKDx.js:8:39294)
    at Nl (https://railway.com/assets/react-dom-CWIgXKDx.js:8:39267)
    at vl (https://railway.com/assets/react-dom-CWIgXKDx.js:8:34357)
    at te (https://railway.com/assets/react-dom-CWIgXKDx.js:1:1616)
    at MessagePort.se (https://railway.com/assets/react-dom-CWIgXKDx.js:1:1986)
[    1132ms] Error: Minified React error #418; visit https://reactjs.org/docs/error-decoder.html?invariant=418 for the full message or use the non-minified dev environment for full errors and additional helpful warnings.
    at Va (https://railway.com/assets/react-dom-CWIgXKDx.js:6:4758)
    at Wl (https://railway.com/assets/react-dom-CWIgXKDx.js:8:45043)
    at Pl (https://railway.com/assets/react-dom-CWIgXKDx.js:8:39294)
    at Nl (https://railway.com/assets/react-dom-CWIgXKDx.js:8:39267)
    at vl (https://railway.com/assets/react-dom-CWIgXKDx.js:8:34357)
    at te (https://railway.com/assets/react-dom-CWIgXKDx.js:1:1616)
    at MessagePort.se (https://railway.com/assets/react-dom-CWIgXKDx.js:1:1986)
[    1132ms] Error: Minified React error #418; visit https://reactjs.org/docs/error-decoder.html?invariant=418 for the full message or use the non-minified dev environment for full errors and additional helpful warnings.
    at Va (https://railway.com/assets/react-dom-CWIgXKDx.js:6:4758)
    at Wl (https://railway.com/assets/react-dom-CWIgXKDx.js:8:45043)
    at Pl (https://railway.com/assets/react-dom-CWIgXKDx.js:8:39294)
    at Nl (https://railway.com/assets/react-dom-CWIgXKDx.js:8:39267)
    at vl (https://railway.com/assets/react-dom-CWIgXKDx.js:8:34357)
    at te (https://railway.com/assets/react-dom-CWIgXKDx.js:1:1616)
    at MessagePort.se (https://railway.com/assets/react-dom-CWIgXKDx.js:1:1986)
[    1132ms] Error: Minified React error #418; visit https://reactjs.org/docs/error-decoder.html?invariant=418 for the full message or use the non-minified dev environment for full errors and additional helpful warnings.
    at Va (https://railway.com/assets/react-dom-CWIgXKDx.js:6:4758)
    at Wl (https://railway.com/assets/react-dom-CWIgXKDx.js:8:45043)
    at Pl (https://railway.com/assets/react-dom-CWIgXKDx.js:8:39294)
    at Nl (https://railway.com/assets/react-dom-CWIgXKDx.js:8:39267)
    at vl (https://railway.com/assets/react-dom-CWIgXKDx.js:8:34357)
    at te (https://railway.com/assets/react-dom-CWIgXKDx.js:1:1616)
    at MessagePort.se (https://railway.com/assets/react-dom-CWIgXKDx.js:1:1986)
[    1132ms] Error: Minified React error #418; visit https://reactjs.org/docs/error-decoder.html?invariant=418 for the full message or use the non-minified dev environment for full errors and additional helpful warnings.
    at Va (https://railway.com/assets/react-dom-CWIgXKDx.js:6:4758)
    at Wl (https://railway.com/assets/react-dom-CWIgXKDx.js:8:45043)
    at Pl (https://railway.com/assets/react-dom-CWIgXKDx.js:8:39294)
    at Nl (https://railway.com/assets/react-dom-CWIgXKDx.js:8:39267)
    at vl (https://railway.com/assets/react-dom-CWIgXKDx.js:8:34357)
    at te (https://railway.com/assets/react-dom-CWIgXKDx.js:1:1616)
    at MessagePort.se (https://railway.com/assets/react-dom-CWIgXKDx.js:1:1986)
[    1132ms] Error: Minified React error #418; visit https://reactjs.org/docs/error-decoder.html?invariant=418 for the full message or use the non-minified dev environment for full errors and additional helpful warnings.
    at Va (https://railway.com/assets/react-dom-CWIgXKDx.js:6:4758)
    at Wl (https://railway.com/assets/react-dom-CWIgXKDx.js:8:45043)
    at Pl (https://railway.com/assets/react-dom-CWIgXKDx.js:8:39294)
    at Nl (https://railway.com/assets/react-dom-CWIgXKDx.js:8:39267)
    at vl (https://railway.com/assets/react-dom-CWIgXKDx.js:8:34357)
    at te (https://railway.com/assets/react-dom-CWIgXKDx.js:1:1616)
    at MessagePort.se (https://railway.com/assets/react-dom-CWIgXKDx.js:1:1986)
[    1132ms] Error: Minified React error #418; visit https://reactjs.org/docs/error-decoder.html?invariant=418 for the full message or use the non-minified dev environment for full errors and additional helpful warnings.
    at Va (https://railway.com/assets/react-dom-CWIgXKDx.js:6:4758)
    at Wl (https://railway.com/assets/react-dom-CWIgXKDx.js:8:45043)
    at Pl (https://railway.com/assets/react-dom-CWIgXKDx.js:8:39294)
    at Nl (https://railway.com/assets/react-dom-CWIgXKDx.js:8:39267)
    at vl (https://railway.com/assets/react-dom-CWIgXKDx.js:8:34357)
    at te (https://railway.com/assets/react-dom-CWIgXKDx.js:1:1616)
    at MessagePort.se (https://railway.com/assets/react-dom-CWIgXKDx.js:1:1986)
[    1132ms] Error: Minified React error #418; visit https://reactjs.org/docs/error-decoder.html?invariant=418 for the full message or use the non-minified dev environment for full errors and additional helpful warnings.
    at Va (https://railway.com/assets/react-dom-CWIgXKDx.js:6:4758)
    at Wl (https://railway.com/assets/react-dom-CWIgXKDx.js:8:45043)
    at Pl (https://railway.com/assets/react-dom-CWIgXKDx.js:8:39294)
    at Nl (https://railway.com/assets/react-dom-CWIgXKDx.js:8:39267)
    at vl (https://railway.com/assets/react-dom-CWIgXKDx.js:8:34357)
    at te (https://railway.com/assets/react-dom-CWIgXKDx.js:1:1616)
    at MessagePort.se (https://railway.com/assets/react-dom-CWIgXKDx.js:1:1986)
[    1132ms] Error: Minified React error #418; visit https://reactjs.org/docs/error-decoder.html?invariant=418 for the full message or use the non-minified dev environment for full errors and additional helpful warnings.
    at Va (https://railway.com/assets/react-dom-CWIgXKDx.js:6:4758)
    at Wl (https://railway.com/assets/react-dom-CWIgXKDx.js:8:45043)
    at Pl (https://railway.com/assets/react-dom-CWIgXKDx.js:8:39294)
    at Nl (https://railway.com/assets/react-dom-CWIgXKDx.js:8:39267)
    at vl (https://railway.com/assets/react-dom-CWIgXKDx.js:8:34357)
    at te (https://railway.com/assets/react-dom-CWIgXKDx.js:1:1616)
    at MessagePort.se (https://railway.com/assets/react-dom-CWIgXKDx.js:1:1986)
[    1132ms] Error: Minified React error #418; visit https://reactjs.org/docs/error-decoder.html?invariant=418 for the full message or use the non-minified dev environment for full errors and additional helpful warnings.
    at Va (https://railway.com/assets/react-dom-CWIgXKDx.js:6:4758)
    at Wl (https://railway.com/assets/react-dom-CWIgXKDx.js:8:45043)
    at Pl (https://railway.com/assets/react-dom-CWIgXKDx.js:8:39294)
    at Nl (https://railway.com/assets/react-dom-CWIgXKDx.js:8:39267)
    at vl (https://railway.com/assets/react-dom-CWIgXKDx.js:8:34357)
    at te (https://railway.com/assets/react-dom-CWIgXKDx.js:1:1616)
    at MessagePort.se (https://railway.com/assets/react-dom-CWIgXKDx.js:1:1986)
[    1133ms] Error: Minified React error #418; visit https://reactjs.org/docs/error-decoder.html?invariant=418 for the full message or use the non-minified dev environment for full errors and additional helpful warnings.
    at Va (https://railway.com/assets/react-dom-CWIgXKDx.js:6:4758)
    at Wl (https://railway.com/assets/react-dom-CWIgXKDx.js:8:45043)
    at Pl (https://railway.com/assets/react-dom-CWIgXKDx.js:8:39294)
    at Nl (https://railway.com/assets/react-dom-CWIgXKDx.js:8:39267)
    at vl (https://railway.com/assets/react-dom-CWIgXKDx.js:8:34357)
    at te (https://railway.com/assets/react-dom-CWIgXKDx.js:1:1616)
    at MessagePort.se (https://railway.com/assets/react-dom-CWIgXKDx.js:1:1986)
[    1133ms] Error: Minified React error #418; visit https://reactjs.org/docs/error-decoder.html?invariant=418 for the full message or use the non-minified dev environment for full errors and additional helpful warnings.
    at Va (https://railway.com/assets/react-dom-CWIgXKDx.js:6:4758)
    at Wl (https://railway.com/assets/react-dom-CWIgXKDx.js:8:45043)
    at Pl (https://railway.com/assets/react-dom-CWIgXKDx.js:8:39294)
    at Nl (https://railway.com/assets/react-dom-CWIgXKDx.js:8:39267)
    at vl (https://railway.com/assets/react-dom-CWIgXKDx.js:8:34357)
    at te (https://railway.com/assets/react-dom-CWIgXKDx.js:1:1616)
    at MessagePort.se (https://railway.com/assets/react-dom-CWIgXKDx.js:1:1986)
[    1133ms] Error: Minified React error #418; visit https://reactjs.org/docs/error-decoder.html?invariant=418 for the full message or use the non-minified dev environment for full errors and additional helpful warnings.
    at Va (https://railway.com/assets/react-dom-CWIgXKDx.js:6:4758)
    at Wl (https://railway.com/assets/react-dom-CWIgXKDx.js:8:45043)
    at Pl (https://railway.com/assets/react-dom-CWIgXKDx.js:8:39294)
    at Nl (https://railway.com/assets/react-dom-CWIgXKDx.js:8:39267)
    at vl (https://railway.com/assets/react-dom-CWIgXKDx.js:8:34357)
    at te (https://railway.com/assets/react-dom-CWIgXKDx.js:1:1616)
    at MessagePort.se (https://railway.com/assets/react-dom-CWIgXKDx.js:1:1986)
[    1133ms] Error: Minified React error #418; visit https://reactjs.org/docs/error-decoder.html?invariant=418 for the full message or use the non-minified dev environment for full errors and additional helpful warnings.
    at Va (https://railway.com/assets/react-dom-CWIgXKDx.js:6:4758)
    at Wl (https://railway.com/assets/react-dom-CWIgXKDx.js:8:45043)
    at Pl (https://railway.com/assets/react-dom-CWIgXKDx.js:8:39294)
    at Nl (https://railway.com/assets/react-dom-CWIgXKDx.js:8:39267)
    at vl (https://railway.com/assets/react-dom-CWIgXKDx.js:8:34357)
    at te (https://railway.com/assets/react-dom-CWIgXKDx.js:1:1616)
    at MessagePort.se (https://railway.com/assets/react-dom-CWIgXKDx.js:1:1986)
[    1134ms] Error: Minified React error #418; visit https://reactjs.org/docs/error-decoder.html?invariant=418 for the full message or use the non-minified dev environment for full errors and additional helpful warnings.
    at Va (https://railway.com/assets/react-dom-CWIgXKDx.js:6:4758)
    at Wl (https://railway.com/assets/react-dom-CWIgXKDx.js:8:45043)
    at Pl (https://railway.com/assets/react-dom-CWIgXKDx.js:8:39294)
    at Nl (https://railway.com/assets/react-dom-CWIgXKDx.js:8:39267)
    at vl (https://railway.com/assets/react-dom-CWIgXKDx.js:8:34357)
    at te (https://railway.com/assets/react-dom-CWIgXKDx.js:1:1616)
    at MessagePort.se (https://railway.com/assets/react-dom-CWIgXKDx.js:1:1986)
[    1134ms] Error: Minified React error #418; visit https://reactjs.org/docs/error-decoder.html?invariant=418 for the full message or use the non-minified dev environment for full errors and additional helpful warnings.
    at Va (https://railway.com/assets/react-dom-CWIgXKDx.js:6:4758)
    at Wl (https://railway.com/assets/react-dom-CWIgXKDx.js:8:45043)
    at Pl (https://railway.com/assets/react-dom-CWIgXKDx.js:8:39294)
    at Nl (https://railway.com/assets/react-dom-CWIgXKDx.js:8:39267)
    at vl (https://railway.com/assets/react-dom-CWIgXKDx.js:8:34357)
    at te (https://railway.com/assets/react-dom-CWIgXKDx.js:1:1616)
    at MessagePort.se (https://railway.com/assets/react-dom-CWIgXKDx.js:1:1986)
[    1134ms] Error: Minified React error #418; visit https://reactjs.org/docs/error-decoder.html?invariant=418 for the full message or use the non-minified dev environment for full errors and additional helpful warnings.
    at Va (https://railway.com/assets/react-dom-CWIgXKDx.js:6:4758)
    at Wl (https://railway.com/assets/react-dom-CWIgXKDx.js:8:45043)
    at Pl (https://railway.com/assets/react-dom-CWIgXKDx.js:8:39294)
    at Nl (https://railway.com/assets/react-dom-CWIgXKDx.js:8:39267)
    at vl (https://railway.com/assets/react-dom-CWIgXKDx.js:8:34357)
    at te (https://railway.com/assets/react-dom-CWIgXKDx.js:1:1616)
    at MessagePort.se (https://railway.com/assets/react-dom-CWIgXKDx.js:1:1986)
[    1134ms] Error: Minified React error #418; visit https://reactjs.org/docs/error-decoder.html?invariant=418 for the full message or use the non-minified dev environment for full errors and additional helpful warnings.
    at Va (https://railway.com/assets/react-dom-CWIgXKDx.js:6:4758)
    at Wl (https://railway.com/assets/react-dom-CWIgXKDx.js:8:45043)
    at Pl (https://railway.com/assets/react-dom-CWIgXKDx.js:8:39294)
    at Nl (https://railway.com/assets/react-dom-CWIgXKDx.js:8:39267)
    at vl (https://railway.com/assets/react-dom-CWIgXKDx.js:8:34357)
    at te (https://railway.com/assets/react-dom-CWIgXKDx.js:1:1616)
    at MessagePort.se (https://railway.com/assets/react-dom-CWIgXKDx.js:1:1986)
[    1134ms] Error: Minified React error #418; visit https://reactjs.org/docs/error-decoder.html?invariant=418 for the full message or use the non-minified dev environment for full errors and additional helpful warnings.
    at Va (https://railway.com/assets/react-dom-CWIgXKDx.js:6:4758)
    at Wl (https://railway.com/assets/react-dom-CWIgXKDx.js:8:45043)
    at Pl (https://railway.com/assets/react-dom-CWIgXKDx.js:8:39294)
    at Nl (https://railway.com/assets/react-dom-CWIgXKDx.js:8:39267)
    at vl (https://railway.com/assets/react-dom-CWIgXKDx.js:8:34357)
    at te (https://railway.com/assets/react-dom-CWIgXKDx.js:1:1616)
    at MessagePort.se (https://railway.com/assets/react-dom-CWIgXKDx.js:1:1986)
[    1135ms] Error: Minified React error #418; visit https://reactjs.org/docs/error-decoder.html?invariant=418 for the full message or use the non-minified dev environment for full errors and additional helpful warnings.
    at Va (https://railway.com/assets/react-dom-CWIgXKDx.js:6:4758)
    at Wl (https://railway.com/assets/react-dom-CWIgXKDx.js:8:45043)
    at Pl (https://railway.com/assets/react-dom-CWIgXKDx.js:8:39294)
    at Nl (https://railway.com/assets/react-dom-CWIgXKDx.js:8:39267)
    at vl (https://railway.com/assets/react-dom-CWIgXKDx.js:8:34357)
    at te (https://railway.com/assets/react-dom-CWIgXKDx.js:1:1616)
    at MessagePort.se (https://railway.com/assets/react-dom-CWIgXKDx.js:1:1986)
[    1135ms] Error: Minified React error #418; visit https://reactjs.org/docs/error-decoder.html?invariant=418 for the full message or use the non-minified dev environment for full errors and additional helpful warnings.
    at Va (https://railway.com/assets/react-dom-CWIgXKDx.js:6:4758)
    at Wl (https://railway.com/assets/react-dom-CWIgXKDx.js:8:45043)
    at Pl (https://railway.com/assets/react-dom-CWIgXKDx.js:8:39294)
    at Nl (https://railway.com/assets/react-dom-CWIgXKDx.js:8:39267)
    at vl (https://railway.com/assets/react-dom-CWIgXKDx.js:8:34357)
    at te (https://railway.com/assets/react-dom-CWIgXKDx.js:1:1616)
    at MessagePort.se (https://railway.com/assets/react-dom-CWIgXKDx.js:1:1986)
[    1135ms] Error: Minified React error #418; visit https://reactjs.org/docs/error-decoder.html?invariant=418 for the full message or use the non-minified dev environment for full errors and additional helpful warnings.
    at Va (https://railway.com/assets/react-dom-CWIgXKDx.js:6:4758)
    at Wl (https://railway.com/assets/react-dom-CWIgXKDx.js:8:45043)
    at Pl (https://railway.com/assets/react-dom-CWIgXKDx.js:8:39294)
    at Nl (https://railway.com/assets/react-dom-CWIgXKDx.js:8:39267)
    at vl (https://railway.com/assets/react-dom-CWIgXKDx.js:8:34357)
    at te (https://railway.com/assets/react-dom-CWIgXKDx.js:1:1616)
    at MessagePort.se (https://railway.com/assets/react-dom-CWIgXKDx.js:1:1986)
[    1136ms] Error: Minified React error #418; visit https://reactjs.org/docs/error-decoder.html?invariant=418 for the full message or use the non-minified dev environment for full errors and additional helpful warnings.
    at Va (https://railway.com/assets/react-dom-CWIgXKDx.js:6:4758)
    at Wl (https://railway.com/assets/react-dom-CWIgXKDx.js:8:45043)
    at Pl (https://railway.com/assets/react-dom-CWIgXKDx.js:8:39294)
    at Nl (https://railway.com/assets/react-dom-CWIgXKDx.js:8:39267)
    at vl (https://railway.com/assets/react-dom-CWIgXKDx.js:8:34357)
    at te (https://railway.com/assets/react-dom-CWIgXKDx.js:1:1616)
    at MessagePort.se (https://railway.com/assets/react-dom-CWIgXKDx.js:1:1986)
[    1136ms] Error: Minified React error #423; visit https://reactjs.org/docs/error-decoder.html?invariant=423 for the full message or use the non-minified dev environment for full errors and additional helpful warnings.
    at Wl (https://railway.com/assets/react-dom-CWIgXKDx.js:8:44706)
    at Pl (https://railway.com/assets/react-dom-CWIgXKDx.js:8:39294)
    at Ml (https://railway.com/assets/react-dom-CWIgXKDx.js:8:39225)
    at jl (https://railway.com/assets/react-dom-CWIgXKDx.js:8:39085)
    at yl (https://railway.com/assets/react-dom-CWIgXKDx.js:8:35523)
    at vl (https://railway.com/assets/react-dom-CWIgXKDx.js:8:34489)
    at te (https://railway.com/assets/react-dom-CWIgXKDx.js:1:1616)
    at MessagePort.se (https://railway.com/assets/react-dom-CWIgXKDx.js:1:1986)
[15870338ms] [ERROR] WebSocket connection to 'wss://backboard.railway.com/graphql/internal' failed: Error in connection establishment: net::ERR_INTERNET_DISCONNECTED @ https://railway.com/assets/lib-HdWGFsH4.js:0
[15871832ms] [ERROR] WebSocket connection to 'wss://backboard.railway.com/graphql/internal' failed: Error in connection establishment: net::ERR_INTERNET_DISCONNECTED @ https://railway.com/assets/lib-HdWGFsH4.js:0
[15876348ms] [ERROR] WebSocket connection to 'wss://backboard.railway.com/graphql/internal' failed: Error in connection establishment: net::ERR_INTERNET_DISCONNECTED @ https://railway.com/assets/lib-HdWGFsH4.js:0
[15881992ms] [ERROR] WebSocket connection to 'wss://backboard.railway.com/graphql/internal' failed: Error in connection establishment: net::ERR_INTERNET_DISCONNECTED @ https://railway.com/assets/lib-HdWGFsH4.js:0
[15891811ms] [ERROR] WebSocket connection to 'wss://backboard.railway.com/graphql/internal' failed: Error in connection establishment: net::ERR_INTERNET_DISCONNECTED @ https://railway.com/assets/lib-HdWGFsH4.js:0
[15908791ms] [ERROR] WebSocket connection to 'wss://backboard.railway.com/graphql/internal' failed: Error in connection establishment: net::ERR_INTERNET_DISCONNECTED @ https://railway.com/assets/lib-HdWGFsH4.js:0
[15943686ms] [ERROR] WebSocket connection to 'wss://backboard.railway.com/graphql/internal' failed: Error in connection establishment: net::ERR_INTERNET_DISCONNECTED @ https://railway.com/assets/lib-HdWGFsH4.js:0
[16009797ms] [ERROR] WebSocket connection to 'wss://backboard.railway.com/graphql/internal' failed: Error in connection establishment: net::ERR_INTERNET_DISCONNECTED @ https://railway.com/assets/lib-HdWGFsH4.js:0
[16140736ms] [ERROR] WebSocket connection to 'wss://backboard.railway.com/graphql/internal' failed: Error in connection establishment: net::ERR_INTERNET_DISCONNECTED @ https://railway.com/assets/lib-HdWGFsH4.js:0
[16398399ms] [ERROR] WebSocket connection to 'wss://backboard.railway.com/graphql/internal' failed: Error in connection establishment: net::ERR_INTERNET_DISCONNECTED @ https://railway.com/assets/lib-HdWGFsH4.js:0
[16912721ms] [ERROR] WebSocket connection to 'wss://backboard.railway.com/graphql/internal' failed: Error in connection establishment: net::ERR_INTERNET_DISCONNECTED @ https://railway.com/assets/lib-HdWGFsH4.js:0
[17938135ms] [ERROR] WebSocket connection to 'wss://backboard.railway.com/graphql/internal' failed: Error in connection establishment: net::ERR_INTERNET_DISCONNECTED @ https://railway.com/assets/lib-HdWGFsH4.js:0
[19986729ms] [ERROR] WebSocket connection to 'wss://backboard.railway.com/graphql/internal' failed: Error in connection establishment: net::ERR_INTERNET_DISCONNECTED @ https://railway.com/assets/lib-HdWGFsH4.js:0
[24083546ms] [ERROR] WebSocket connection to 'wss://backboard.railway.com/graphql/internal' failed: Error in connection establishment: net::ERR_INTERNET_DISCONNECTED @ https://railway.com/assets/lib-HdWGFsH4.js:0
[32278258ms] [ERROR] WebSocket connection to 'wss://backboard.railway.com/graphql/internal' failed: Error in connection establishment: net::ERR_INTERNET_DISCONNECTED @ https://railway.com/assets/lib-HdWGFsH4.js:0
